"id","Image","Name","Real_Name","Collection","Serie","Brand","Year","Type","Price","Own","Lot","Notes"
"1",,"Enigma (ultra raro)",,"Ultra Raro","1","MagicBox","2018","Figura","0","0","0",
"2",,"Kactor (raro)",,"Dorados","1","MagicBox","2018","Figura","0","0","2",
"3","/uploads/collections/Superthings/Ironhead(raro)_3.jpg","Ironhead (raro)",,"Star Team","1","MagicBox","2018","Figura","0","1","3",
"4",,"TV-Tron Amarillo",,"Star Team","1","MagicBox","2018","Figura","0","0","4",
"5",,"TV-Tron Morado",,"Star Team","1","MagicBox","2018","Figura","0","0","5",
"6",,"Wondershine Morado",,"Star Team","1","MagicBox","2018","Figura","0","0","6",
"7",,"Wondershine Amarillo",,"Star Team","1","MagicBox","2018","Figura","0","0","7",
"8",,"Super Soft Amarillo",,"Star Team","1","MagicBox","2018","Figura","0","0","8",
"9",,"Super Soft Morado",,"Star Team","1","MagicBox","2018","Figura","0","0","9",
"10",,"Brush Lee Azul",,"Star Team","1","MagicBox","2018","Figura","0","0","10",
"11",,"Brush Lee Naranja",,"Star Team","1","MagicBox","2018","Figura","0","0","11",
"12",,"Dr. Fresher Morado",,"Star Team","1","MagicBox","2018","Figura","0","0","12",
"13",,"Dr. Fresher Amarillo",,"Star Team","1","MagicBox","2018","Figura","0","0","13",
"14",,"Fizzer Amarillo",,"Star Team","1","MagicBox","2018","Figura","0","0","14",
"15",,"Fizzer Morado",,"Star Team","1","MagicBox","2018","Figura","0","0","15",
"16","/uploads/collections/Superthings/Coink(raro)_16.jpg","Coink (raro)",,"Furious Gang","1","MagicBox","2018","Figura","0","1","16",
"17",,"Badnana Amarillo",,"Furious Gang","1","MagicBox","2018","Figura","0","0","17",
"18",,"Badnana Morado",,"Furious Gang","1","MagicBox","2018","Figura","0","0","18",
"19","/uploads/collections/Superthings/SmashAzul_19.jpg","Smash Azul",,"Furious Gang","1","MagicBox","2018","Figura","0","1","19",
"20",,"Smash Naranja",,"Furious Gang","1","MagicBox","2018","Figura","0","0","20",
"21",,"Pow Power Verde",,"Furious Gang","1","MagicBox","2018","Figura","0","0","21",
"22",,"Pow Power Rojo",,"Furious Gang","1","MagicBox","2018","Figura","0","0","22",
"23",,"Ring Ding Rojo",,"Furious Gang","1","MagicBox","2018","Figura","0","0","23",
"24",,"Ring Ding Verde",,"Furious Gang","1","MagicBox","2018","Figura","0","0","24",
"25",,"Sugar Rush Verde",,"Furious Gang","1","MagicBox","2018","Figura","0","0","25",
"26",,"Sugar Rush Rojo",,"Furious Gang","1","MagicBox","2018","Figura","0","0","26",
"27",,"Zapper Rojo",,"Furious Gang","1","MagicBox","2018","Figura","0","0","27",
"28",,"Zapper Verde",,"Furious Gang","1","MagicBox","2018","Figura","0","0","28",
"29",,"Metal Crunch (raro)",,"Central Patrol","1","MagicBox","2018","Figura","0","0","29",
"30",,"Mr. C Naranja",,"Central Patrol","1","MagicBox","2018","Figura","0","0","30",
"31","/uploads/collections/Superthings/Mr.CAzul_31.jpg","Mr. C Azul",,"Central Patrol","1","MagicBox","2018","Figura","0","1","31",
"32",,"Power Shield Naranja",,"Central Patrol","1","MagicBox","2018","Figura","0","0","32",
"33",,"Power Shield Morado",,"Central Patrol","1","MagicBox","2018","Figura","0","0","33",
"34",,"The Champ Morado",,"Central Patrol","1","MagicBox","2018","Figura","0","0","34",
"35",,"The Champ Amarillo",,"Central Patrol","1","MagicBox","2018","Figura","0","0","35",
"36",,"Strikeberry Rojo",,"Central Patrol","1","MagicBox","2018","Figura","0","0","36",
"37",,"Strikeberry Verde",,"Central Patrol","1","MagicBox","2018","Figura","0","0","37",
"38","/uploads/collections/Superthings/AceAmarillo_38.jpg","Ace Amarillo",,"Central Patrol","1","MagicBox","2018","Figura","0","0","38",
"39","/uploads/collections/Superthings/AceMorado_39.jpg","Ace Morado",,"Central Patrol","1","MagicBox","2018","Figura","0","0","39",
"40",,"Brain Freeze Azul",,"Central Patrol","1","MagicBox","2018","Figura","0","0","40",
"41",,"Brain Freeze Naranja",,"Central Patrol","1","MagicBox","2018","Figura","0","0","41",
"42",,"Darknetic (raro)",,"Mutant Bandits","1","MagicBox","2018","Figura","0","0","42",
"43",,"Ultra Dryer Rojo",,"Mutant Bandits","1","MagicBox","2018","Figura","0","0","43",
"44",,"Ultra Dryer Verde",,"Mutant Bandits","1","MagicBox","2018","Figura","0","0","44",
"45",,"Jack The Juicer Verde",,"Mutant Bandits","1","MagicBox","2018","Figura","0","0","45",
"46",,"Jack The Juicer Rojo",,"Mutant Bandits","1","MagicBox","2018","Figura","0","0","46",
"47",,"Tag Black Naranja",,"Mutant Bandits","1","MagicBox","2018","Figura","0","0","47",
"48",,"Tag Black Azul",,"Mutant Bandits","1","MagicBox","2018","Figura","0","0","48",
"49",,"Mad Blades Verde",,"Mutant Bandits","1","MagicBox","2018","Figura","0","0","49",
"50",,"Mad Blades Rojo",,"Mutant Bandits","1","MagicBox","2018","Figura","0","0","50",
"51",,"Lock Down Azul",,"Mutant Bandits","1","MagicBox","2018","Figura","0","0","51",
"52",,"Lock Down Naranja",,"Mutant Bandits","1","MagicBox","2018","Figura","0","0","52",
"53",,"Spice Bandit Rojo",,"Mutant Bandits","1","MagicBox","2018","Figura","0","0","53",
"54","/uploads/collections/Superthings/SpiceBanditVerde_54.png","Spice Bandit Verde",,"Mutant Bandits","1","MagicBox","2018","Figura","0","1","54",
"55",,"Sparky (raro)",,"Cool Trop","1","MagicBox","2018","Figura","0","0","55",
"56",,"Pow Corn Azul",,"Cool Trop","1","MagicBox","2018","Figura","0","0","56",
"57",,"Pow Corn Naranja",,"Cool Trop","1","MagicBox","2018","Figura","0","0","57",
"58",,"Tangle Morado",,"Cool Trop","1","MagicBox","2018","Figura","0","0","58",
"59",,"Tangle Boy Amarillo",,"Cool Trop","1","MagicBox","2018","Figura","0","0","59",
"60",,"Stomper Verde",,"Cool Trop","1","MagicBox","2018","Figura","0","0","60",
"61",,"Stomper Rojo",,"Cool Trop","1","MagicBox","2018","Figura","0","0","61",
"62",,"T-Mate Rojo",,"Cool Trop","1","MagicBox","2018","Figura","0","0","62",
"63",,"T-Mate Verde",,"Cool Trop","1","MagicBox","2018","Figura","0","0","63",
"64","/uploads/collections/Superthings/MegaVegNaranja_64.jpg","Mega Veg Naranja",,"Cool Trop","1","MagicBox","2018","Figura","0","1","64",
"65",,"Mega Veg Azul",,"Cool Trop","1","MagicBox","2018","Figura","0","0","65",
"66","/uploads/collections/Superthings/CoolizerNaranja_66.jpg","Coolizer Naranja",,"Cool Trop","1","MagicBox","2018","Figura","0","1","66",
"67",,"Coolizer Azul",,"Cool Trop","1","MagicBox","2018","Figura","0","0","67",
"68",,"Elektron (raro)",,"MadClan","1","MagicBox","2018","Figura","0","0","68",
"69",,"Max Stink Amarillo",,"MadClan","1","MagicBox","2018","Figura","0","0","69",
"70",,"Max Stink Morado",,"MadClan","1","MagicBox","2018","Figura","0","0","70",
"71",,"Vortex Naranja",,"MadClan","1","MagicBox","2018","Figura","0","0","71",
"72",,"Vortex Azul",,"MadClan","1","MagicBox","2018","Figura","0","0","72",
"73",,"Red Ray Rojo",,"MadClan","1","MagicBox","2018","Figura","0","0","73",
"74","/uploads/collections/Superthings/RedRayVerde_74.jpg","Red Ray Verde",,"MadClan","1","MagicBox","2018","Figura","0","1","74",
"75",,"Mad Pop Azul",,"MadClan","1","MagicBox","2018","Figura","0","0","75",
"76",,"Mad Pop Naranja",,"MadClan","1","MagicBox","2018","Figura","0","0","76",
"77",,"Crazy Jet Morado",,"MadClan","1","MagicBox","2018","Figura","0","0","77",
"78",,"Crazy Jet Amarillo",,"MadClan","1","MagicBox","2018","Figura","0","0","78",
"79",,"Great Ter Azul",,"MadClan","1","MagicBox","2018","Figura","0","0","79",
"80",,"Great Ter Naranja",,"MadClan","1","MagicBox","2018","Figura","0","0","80",
"81",,"Amarilla con puerta azul",,"Guaridas","1","MagicBox","2018","Addons","0","0","G1",
"82",,"Azul con puerta amarilla",,"Guaridas","1","MagicBox","2018","Addons","0","0","G2",
"83",,"Azul con puerta roja",,"Guaridas","1","MagicBox","2018","Addons","0","0","G3",
"84",,"Morada con puerta verde",,"Guaridas","1","MagicBox","2018","Addons","0","0","G4",
"85",,"Naranja con puerta roja",,"Guaridas","1","MagicBox","2018","Addons","0","0","G5",
"86",,"Roja con puerta azul",,"Guaridas","1","MagicBox","2018","Addons","0","0","G6",
"87",,"Roja con puerta naranja",,"Guaridas","1","MagicBox","2018","Addons","0","0","G7",
"88",,"Verde con puerta morada",,"Guaridas","1","MagicBox","2018","Addons","0","0","G8",
"89",,"Turbo Storm Morado",,"Supercar","1","MagicBox","2018","Vehiculos","0","0","S1",
"90",,"Turbo Storm Verde",,"Supercar","1","MagicBox","2018","Vehiculos","0","0","S2",
"91",,"Power Flash Rojo",,"Supercar","1","MagicBox","2018","Vehiculos","0","0","S3",
"92",,"Power Flash Azul",,"Supercar","1","MagicBox","2018","Vehiculos","0","0","S4",
"93",,"Monster Jumbo Cuerpo Rojo",,"Supercar","1","MagicBox","2018","Vehiculos","0","0","S5",
"94",,"Monster Jumbo Cuerpo Naranja",,"Supercar","1","MagicBox","2018","Vehiculos","0","0","S6",
"95",,"Lightning Wings Cuerpo Azul",,"Supercar","1","MagicBox","2018","Vehiculos","0","0","S7",
"96",,"Lightning Wings Cuerpo Amarillo",,"Supercar","1","MagicBox","2018","Vehiculos","0","0","S8",
"97",,"Trap Amarilla",,"Kaboom Trap-Carceles","1","MagicBox","2018","Addons","0","0","K1",
"98",,"Trap Azul Claro",,"Kaboom Trap-Carceles","1","MagicBox","2018","Addons","0","0","K2",
"99",,"Trap Azul Oscuro",,"Kaboom Trap-Carceles","1","MagicBox","2018","Addons","0","0","K3",
"100",,"Trap Naranja",,"Kaboom Trap-Carceles","1","MagicBox","2018","Addons","0","0","K4",
"101",,"Trap Roja",,"Kaboom Trap-Carceles","1","MagicBox","2018","Addons","0","0","K5",
"102",,"Trap Verde",,"Kaboom Trap-Carceles","1","MagicBox","2018","Addons","0","0","K6",
"103",,"Torre Dorada Héroes",,"Torres Doradas","1","MagicBox","2018","Addons","0","0","G10",
"104",,"Torre Dorada Villanos",,"Torres Doradas","1","MagicBox","2018","Addons","0","0","G11",
"105",,"Candado azul",,"Exclusivos","1","MagicBox","2018","Addons","0","0",,
"106",,"Candado naranja",,"Exclusivos","1","MagicBox","2018","Addons","0","0",,
"107",,"Krooksant",,"Exclusivos","1","MagicBox","2018","Addons","0","0",,
"108",,"Llave azul",,"Exclusivos","1","MagicBox","2018","Addons","0","0",,
"109",,"Llave naranja",,"Exclusivos","1","MagicBox","2018","Addons","0","0",,
"110",,"Wondernut",,"Exclusivos","1","MagicBox","2018","Addons","0","0",,
"111",,"Profesor K (ultra raro)",,"Ultra Raro","2","MagicBox","2018","Figura","0","0",,
"112",,"Candy Strike (raro)",,"Dorados","2","MagicBox","2018","Figura","0","0","81",
"113",,"Pumpking (raro)",,"Dorados","2","MagicBox","2018","Figura","0","0","82",
"114",,"Headstrong (raro)",,"Power Gang","2","MagicBox","2018","Figura","0","0","83",
"115",,"Powerwave Rojo (raro)",,"Power Gang","2","MagicBox","2018","Figura","0","0","84",
"116",,"Powerwave Azul (raro)",,"Power Gang","2","MagicBox","2018","Figura","0","0","85",
"117",,"Reflektor Verde (raro)",,"Power Gang","2","MagicBox","2018","Figura","0","0","86",
"118",,"Reflektor Morado (raro)",,"Power Gang","2","MagicBox","2018","Figura","0","0","87",
"119",,"Laktic Azul",,"Power Gang","2","MagicBox","2018","Figura","0","0","88",
"120","/uploads/collections/Superthings/LakticMorado_120.jpg","Laktic Morado",,"Power Gang","2","MagicBox","2018","Figura","0.8","1","89",
"121",,"Dusty Verde",,"Power Gang","2","MagicBox","2018","Figura","0","0","90",
"122",,"Dusty Azul",,"Power Gang","2","MagicBox","2018","Figura","0","0","91",
"123",,"Naughty Socks Verde",,"Power Gang","2","MagicBox","2018","Figura","0","0","92",
"124",,"Naughty Socks Naranja",,"Power Gang","2","MagicBox","2018","Figura","0","0","93",
"125",,"Frenetic Fries Rojo",,"Power Gang","2","MagicBox","2018","Figura","0","0","94",
"126",,"Frenetic Fries Morado",,"Power Gang","2","MagicBox","2018","Figura","0","0","95",
"127",,"Rocketball (raro)",,"Bay Force","2","MagicBox","2018","Figura","0","0","96",
"128",,"Spoonical Verde (raro)",,"Bay Force","2","MagicBox","2018","Figura","0","0","97",
"129",,"Spoonical Morado (raro)",,"Bay Force","2","MagicBox","2018","Figura","0","0","98",
"130",,"Wonder C Azul",,"Bay Force","2","MagicBox","2018","Figura","0","0","99",
"131",,"Wonder C Verde",,"Bay Force","2","MagicBox","2018","Figura","0","0","100",
"132",,"Cheese Champ Amarillo",,"Bay Force","2","MagicBox","2018","Figura","0","0","101",
"133",,"Cheese Champ Naranja",,"Bay Force","2","MagicBox","2018","Figura","0","0","102",
"134",,"Swiper Morado",,"Bay Force","2","MagicBox","2018","Figura","0","0","103",
"135",,"Swiper Azul",,"Bay Force","2","MagicBox","2018","Figura","0","0","104",
"136",,"Supersketch Verde",,"Bay Force","2","MagicBox","2018","Figura","0","0","105",
"137",,"Supersketch Naranja",,"Bay Force","2","MagicBox","2018","Figura","0","0","106",
"138",,"Kid Shine Azul (raro)",,"Bay Force","2","MagicBox","2018","Figura","0","0","107",
"139",,"Kid Shine Rojo (raro)",,"Bay Force","2","MagicBox","2018","Figura","0","0","108",
"140",,"Beatcrush (raro)",,"Crazy Rebels","2","MagicBox","2018","Figura","0","0","109",
"141",,"Tackleboy Naranja",,"Crazy Rebels","2","MagicBox","2018","Figura","0","0","110",
"142",,"Tackleboy Verde",,"Crazy Rebels","2","MagicBox","2018","Figura","0","0","111",
"143",,"Dogfurt Rojo",,"Crazy Rebels","2","MagicBox","2018","Figura","0","0","112",
"144",,"Dogfurt Amarillo",,"Crazy Rebels","2","MagicBox","2018","Figura","0","0","113",
"145",,"Sharpator Azul",,"Crazy Rebels","2","MagicBox","2018","Figura","0","0","114",
"146",,"Sharpator Verde",,"Crazy Rebels","2","MagicBox","2018","Figura","0","0","115",
"147",,"Griller Azul",,"Crazy Rebels","2","MagicBox","2018","Figura","0","0","116",
"148",,"Griller Morado",,"Crazy Rebels","2","MagicBox","2018","Figura","0","0","117",
"149",,"Sponge Rock Azul (raro)",,"Crazy Rebels","2","MagicBox","2018","Figura","0","0","118",
"150",,"Sponge Rock Rojo (raro)",,"Crazy Rebels","2","MagicBox","2018","Figura","0","0","119",
"151",,"Striker Verde (raro)",,"Crazy Rebels","2","MagicBox","2018","Figura","0","0","120",
"152",,"Striker Morado (raro)",,"Crazy Rebels","2","MagicBox","2018","Figura","0","0","121",
"153",,"Super Riff (raro)",,"Sky Unit","2","MagicBox","2018","Figura","0","0","122",
"154",,"Max Bubble Morado (raro)",,"Sky Unit","2","MagicBox","2018","Figura","0","0","123",
"155",,"Max Bubble Verde (raro)",,"Sky Unit","2","MagicBox","2018","Figura","0","0","124",
"156",,"Tricky Azul",,"Sky Unit","2","MagicBox","2018","Figura","0","0","125",
"157",,"Tricky Verde",,"Sky Unit","2","MagicBox","2018","Figura","0","0","126",
"158",,"Hardburger Naranja",,"Sky Unit","2","MagicBox","2018","Figura","0","0","127",
"159",,"Hardburger verde",,"Sky Unit","2","MagicBox","2018","Figura","0","0","128",
"160","/uploads/collections/Superthings/CirclusAzul_160.png","Circlus Azul",,"Sky Unit","2","MagicBox","2018","Figura","0.8","1","129",
"161",,"Circlus Morado",,"Sky Unit","2","MagicBox","2018","Figura","0","0","130",
"162",,"Hairrison Rojo (raro)",,"Sky Unit","2","MagicBox","2018","Figura","0","0","131",
"163",,"Hairrison Azul (raro)",,"Sky Unit","2","MagicBox","2018","Figura","0","0","132",
"164",,"X-Ting Rojo",,"Sky Unit","2","MagicBox","2018","Figura","0","0","133",
"165","/uploads/collections/Superthings/X-TingAmarillo_165.jpg","X-Ting Amarillo",,"Sky Unit","2","MagicBox","2018","Figura","0.8","1","134",
"166",,"Lord Twister (raro)",,"Water Warrior","2","MagicBox","2018","Figura","0","0","135",
"167",,"Flame Boy Amarillo",,"Water Warrior","2","MagicBox","2018","Figura","0","0","136",
"168","/uploads/collections/Superthings/FlameBoyNaranja_168.jpg","Flame Boy Naranja",,"Water Warrior","2","MagicBox","2018","Figura","0.8","1","137",
"169",,"Spikehead Azul (raro)",,"Water Warrior","2","MagicBox","2018","Figura","0","0","138",
"170",,"Spikehead Naranja (raro)",,"Water Warrior","2","MagicBox","2018","Figura","0","0","139",
"171",,"Dark Dart Naranja",,"Water Warrior","2","MagicBox","2018","Figura","0","0","140",
"172",,"Dark Dart Verde",,"Water Warrior","2","MagicBox","2018","Figura","0","0","141",
"173",,"The Bristler Verde (raro)",,"Water Warrior","2","MagicBox","2018","Figura","0","0","142",
"174",,"The Bristler Morado (raro)",,"Water Warrior","2","MagicBox","2018","Figura","0","0","143",
"175",,"Bad Bat Azul",,"Water Warrior","2","MagicBox","2018","Figura","0","0","144",
"176",,"Bad Bat Verde",,"Water Warrior","2","MagicBox","2018","Figura","0","0","145",
"177",,"Rebell Roll Capa Morada",,"Water Warrior","2","MagicBox","2018","Figura","0","0","146",
"178",,"Rebell Roll Capa Azul",,"Water Warrior","2","MagicBox","2018","Figura","0","0","147",
"179",,"Turbo Twist (raro)",,"Rocky Riders","2","MagicBox","2018","Figura","0","0","148",
"180",,"Mr. Flakes Verde",,"Rocky Riders","2","MagicBox","2018","Figura","0","0","149",
"181",,"Mr. Flakes Azul",,"Rocky Riders","2","MagicBox","2018","Figura","0","0","150",
"182",,"Joe Rumble Morado",,"Rocky Riders","2","MagicBox","2018","Figura","0","0","151",
"183",,"Joe Rumble Azul",,"Rocky Riders","2","MagicBox","2018","Figura","0","0","152",
"184",,"Jack Balance Rojo (raro)",,"Rocky Riders","2","MagicBox","2018","Figura","0","0","153",
"185",,"Jack Balance Azul (raro)",,"Rocky Riders","2","MagicBox","2018","Figura","0","0","154",
"186","/uploads/collections/Superthings/ActionBreadAmarillo_186.jpg","Action Bread Amarillo",,"Rocky Riders","2","MagicBox","2018","Figura","0","0","155",
"187","/uploads/collections/Superthings/ActionBreadRojo_187.jpg","Action Bread Rojo",,"Rocky Riders","2","MagicBox","2018","Figura","0","0","156",
"188",,"Mikey Verde (raro)",,"Rocky Riders","2","MagicBox","2018","Figura","0","0","157",
"189",,"Mikey Morado (raro)",,"Rocky Riders","2","MagicBox","2018","Figura","0","0","158",
"190",,"Fast Ball Naranja",,"Rocky Riders","2","MagicBox","2018","Figura","0","0","159",
"191",,"Fast Ball Verde",,"Rocky Riders","2","MagicBox","2018","Figura","0","0","160",
"192",,"Rojo",,"Superjets","2","MagicBox","2018","Vehiculos","0","0","S1",
"193",,"Verde",,"Superjets","2","MagicBox","2018","Vehiculos","0","0","S2",
"194",,"Asul oscuro",,"Superjets","2","MagicBox","2018","Vehiculos","0","0","S3",
"195",,"Azul",,"Superjets","2","MagicBox","2018","Vehiculos","0","0","S4",
"196",,"Dorado Heroes Carrozeria Azul",,"Superjets","2","MagicBox","2018","Vehiculos","0","0","S5",
"197",,"Dorado Heroes Carrozeria Naranja",,"Superjets","2","MagicBox","2018","Vehiculos","0","0","S6",
"198",,"Morado",,"Superjets","2","MagicBox","2018","Vehiculos","0","0","S7",
"199",,"Morado",,"Superjets","2","MagicBox","2018","Vehiculos","0","0","S8",
"200",,"Amarillo",,"Superjets","2","MagicBox","2018","Vehiculos","0","0","S9",
"201",,"Azul",,"Superjets","2","MagicBox","2018","Vehiculos","0","0","S10",
"202",,"Amarillo",,"Superjets","2","MagicBox","2018","Vehiculos","0","0","S11",
"203",,"Amarillo",,"Superjets","2","MagicBox","2018","Vehiculos","0","0","S12",
"204",,"Captain Games Master",,"Cyber Squad","2","MagicBox","2018","Addons","0","0","Cyb1",
"205",,"Celltacular",,"Cyber Squad","2","MagicBox","2018","Addons","0","0","Cyb2",
"206",,"Hypervolt",,"Cyber Squad","2","MagicBox","2018","Addons","0","0","Cyb3",
"207",,"Superscroll",,"Cyber Squad","2","MagicBox","2018","Addons","0","0","Cyb4",
"208",,"VR-Z",,"Cyber Squad","2","MagicBox","2018","Addons","0","0","Cyb5",
"209",,"Interior Morado",,"Blasters (Lanzadores)","2","MagicBox","2018","Addons","0","0","B1",
"210",,"Interior Rojo",,"Blasters (Lanzadores)","2","MagicBox","2018","Addons","0","0","B2",
"211",,"Interior Amarillo",,"Blasters (Lanzadores)","2","MagicBox","2018","Addons","0","0","B3",
"212",,"Interior Azul",,"Blasters (Lanzadores)","2","MagicBox","2018","Addons","0","0","B4",
"213",,"Heroes Amarilla techo Verde",,"Hideouts (Guaridas)","2","MagicBox","2018","Addons","0","0","G1",
"214",,"Heroes Azul techo azul",,"Hideouts (Guaridas)","2","MagicBox","2018","Addons","0","0","G2",
"215",,"Heroes Dorada",,"Hideouts (Guaridas)","2","MagicBox","2018","Addons","0","0","G3",
"216",,"Heroes Naranja techo azul",,"Hideouts (Guaridas)","2","MagicBox","2018","Addons","0","0","G4",
"217",,"Heroes Verde techo verde",,"Hideouts (Guaridas)","2","MagicBox","2018","Addons","0","0","G5",
"218",,"Villanos Dorada",,"Hideouts (Guaridas)","2","MagicBox","2018","Addons","0","0","G6",
"219",,"Villanos Morada techo morado",,"Hideouts (Guaridas)","2","MagicBox","2018","Addons","0","0","G7",
"220",,"Villanos Roja techo rojo",,"Hideouts (Guaridas)","2","MagicBox","2018","Addons","0","0","G8",
"221",,"Verde techo morado",,"Hideouts (Guaridas)","2","MagicBox","2018","Addons","0","0","G9",
"222",,"Villanos Verde techo rojo",,"Hideouts (Guaridas)","2","MagicBox","2018","Addons","0","0","G10",
"223",,"MrKing (ultra raro)",,"Ultra Raro","3","MagicBox","2019","Figura","0","0",,
"224",,"Goldstar (raro)",,"Dorados","3","MagicBox","2019","Figura","0","0","161",
"225",,"Outlaw Clint (raro)",,"Dorados","3","MagicBox","2019","Figura","0","0","162",
"226",,"Max Treasure",,"Team Invencible","3","MagicBox","2019","Figura","0","0","163",
"227",,"Toybot Azul",,"Team Invencible","3","MagicBox","2019","Figura","0","0","164",
"228",,"Toybot Dorado",,"Team Invencible","3","MagicBox","2019","Figura","0","0","165",
"229",,"Fred Quency Normal",,"Team Invencible","3","MagicBox","2019","Figura","0","0","166",
"230",,"Fred Quency Especial",,"Team Invencible","3","MagicBox","2019","Figura","0","0","167",
"231",,"Captain K rojo",,"Team Invencible","3","MagicBox","2019","Figura","0","0","168",
"232",,"Captain K morado",,"Team Invencible","3","MagicBox","2019","Figura","0","0","169",
"233",,"Waverider verde",,"Team Invencible","3","MagicBox","2019","Figura","0","0","170",
"234",,"Waverider morado",,"Team Invencible","3","MagicBox","2019","Figura","0","0","171",
"235",,"Woody rojo",,"Team Invencible","3","MagicBox","2019","Figura","0","0","172",
"236",,"Woody verde",,"Team Invencible","3","MagicBox","2019","Figura","0","0","173",
"237",,"Hollywoody morado",,"Team Invencible","3","MagicBox","2019","Figura","0","0","174",
"238",,"Hollywoody plateado",,"Team Invencible","3","MagicBox","2019","Figura","0","0","175",
"239",,"Cornelius verde",,"Team Invencible","3","MagicBox","2019","Figura","0","0","176",
"240",,"Cornelius dorado",,"Team Invencible","3","MagicBox","2019","Figura","0","0","177",
"241",,"Silver Dice (Capitán)",,"Sneaky Crew","3","MagicBox","2019","Figura","0","0","178",
"242",,"Rayflowers verde",,"Sneaky Crew","3","MagicBox","2019","Figura","0","0","179",
"243",,"Rayflower dorado",,"Sneaky Crew","3","MagicBox","2019","Figura","0","0","180",
"244",,"Badpack morado",,"Sneaky Crew","3","MagicBox","2019","Figura","0","0","181",
"245",,"Badback naranaja",,"Sneaky Crew","3","MagicBox","2019","Figura","0","0","182",
"246",,"Megafresh azul",,"Sneaky Crew","3","MagicBox","2019","Figura","0","0","183",
"247",,"Megafresh dorado",,"Sneaky Crew","3","MagicBox","2019","Figura","0","0","184",
"248",,"Kinemo azul",,"Sneaky Crew","3","MagicBox","2019","Figura","0","0","185",
"249",,"Kinemo verde",,"Sneaky Crew","3","MagicBox","2019","Figura","0","0","186",
"250",,"Noops Verde",,"Sneaky Crew","3","MagicBox","2019","Figura","0","0","187",
"251",,"Noops morado",,"Sneaky Crew","3","MagicBox","2019","Figura","0","0","188",
"252",,"Ironik morado",,"Sneaky Crew","3","MagicBox","2019","Figura","0","0","189",
"253",,"Ironik rojo",,"Sneaky Crew","3","MagicBox","2019","Figura","0","0","190",
"254",,"Botfeed rojo",,"Sneaky Crew","3","MagicBox","2019","Figura","0","0","191",
"255",,"Botfeed verde",,"Sneaky Crew","3","MagicBox","2019","Figura","0","0","192",
"256","/uploads/collections/Superthings/LuckyAce(capitán)_256.jpg","Lucky Ace (capitán)",,"Amazing","3","MagicBox","2019","Figura","0","0","193",
"257",,"Juicetice verde",,"Amazing","3","MagicBox","2019","Figura","0","0","194",
"258",,"Juictice dorado",,"Amazing","3","MagicBox","2019","Figura","0","0","195",
"259",,"Big Dunky naranja",,"Amazing","3","MagicBox","2019","Figura","0","0","196",
"260",,"Big Dunky morado",,"Amazing","3","MagicBox","2019","Figura","0","0","197",
"261",,"Book Roger dorado",,"Amazing","3","MagicBox","2019","Figura","0","0","198",
"262",,"Book Roger azul",,"Amazing","3","MagicBox","2019","Figura","0","0","199",
"263",,"Kreamer rojo",,"Amazing","3","MagicBox","2019","Figura","0","0","200",
"264",,"Kreamer morado",,"Amazing","3","MagicBox","2019","Figura","0","0","201",
"265",,"Wizzo Morado",,"Amazing","3","MagicBox","2019","Figura","0","0","202",
"266",,"Wizzo verde",,"Amazing","3","MagicBox","2019","Figura","0","0","203",
"267",,"Chic Force Azul",,"Amazing","3","MagicBox","2019","Figura","0","0","204",
"268",,"Chic Force azulito",,"Amazing","3","MagicBox","2019","Figura","0","0","205",
"269",,"Choc Shock verde",,"Amazing","3","MagicBox","2019","Figura","0","0","206",
"270",,"Choc Shock rojo",,"Amazing","3","MagicBox","2019","Figura","0","0","207",
"271",,"Silver Johnny (capitán)",,"Thunder Clan","3","MagicBox","2019","Figura","0","0","208",
"272",,"Sandstorm amarillo",,"Thunder Clan","3","MagicBox","2019","Figura","0","0","209",
"273",,"Sandstorm verde",,"Thunder Clan","3","MagicBox","2019","Figura","0","0","210",
"274",,"Sir Prize azul",,"Thunder Clan","3","MagicBox","2019","Figura","0","0","211",
"275",,"Sir Prize dorado",,"Thunder Clan","3","MagicBox","2019","Figura","0","0","212",
"276",,"Driller verde",,"Thunder Clan","3","MagicBox","2019","Figura","0","0","213",
"277",,"Driller morado",,"Thunder Clan","3","MagicBox","2019","Figura","0","0","214",
"278",,"Joe Cookie rojo",,"Thunder Clan","3","MagicBox","2019","Figura","0","0","215",
"279",,"Joe Cookie morado",,"Thunder Clan","3","MagicBox","2019","Figura","0","0","216",
"280",,"Splattermax verde",,"Thunder Clan","3","MagicBox","2019","Figura","0","0","217",
"281",,"Splattermax rojo",,"Thunder Clan","3","MagicBox","2019","Figura","0","0","218",
"282",,"Beefy rojo",,"Thunder Clan","3","MagicBox","2019","Figura","0","0","219",
"283",,"Beefy norado",,"Thunder Clan","3","MagicBox","2019","Figura","0","0","220",
"284",,"Hatcus Pocus verde",,"Thunder Clan","3","MagicBox","2019","Figura","0","0","221",
"285",,"Hatcus Pocus morado",,"Thunder Clan","3","MagicBox","2019","Figura","0","0","222",
"286",,"Rad Wheels (capitán)",,"Brave Patrol","3","MagicBox","2019","Figura","0","0","223",
"287",,"Lucky Leaf verde",,"Brave Patrol","3","MagicBox","2019","Figura","0","0","224",
"288",,"Lucky Leaf rojo",,"Brave Patrol","3","MagicBox","2019","Figura","0","0","225",
"289",,"Cytrus Crush naranja",,"Brave Patrol","3","MagicBox","2019","Figura","0","0","226",
"290",,"Cytrus Crush verde",,"Brave Patrol","3","MagicBox","2019","Figura","0","0","227",
"291",,"Dumfier morado",,"Brave Patrol","3","MagicBox","2019","Figura","0","0","228",
"292",,"Dumfier rojo",,"Brave Patrol","3","MagicBox","2019","Figura","0","0","229",
"293",,"Rollway azul",,"Brave Patrol","3","MagicBox","2019","Figura","0","0","230",
"294",,"Rollway amarillo",,"Brave Patrol","3","MagicBox","2019","Figura","0","0","231",
"295",,"Powerbucket naranaja",,"Brave Patrol","3","MagicBox","2019","Figura","0","0","232",
"296",,"Powerbucket norado",,"Brave Patrol","3","MagicBox","2019","Figura","0","0","233",
"297",,"Rinser verde",,"Brave Patrol","3","MagicBox","2019","Figura","0","0","234",
"298",,"Rinser morado",,"Brave Patrol","3","MagicBox","2019","Figura","0","0","235",
"299",,"Metrix azul",,"Brave Patrol","3","MagicBox","2019","Figura","0","0","236",
"300",,"Metrix verde",,"Brave Patrol","3","MagicBox","2019","Figura","0","0","237",
"301",,"Mad Roller (capitán)",,"Danger Quad","3","MagicBox","2019","Figura","0","0","238",
"302",,"Plusher naranja",,"Danger Quad","3","MagicBox","2019","Figura","0","0","239",
"303",,"Plusher morado",,"Danger Quad","3","MagicBox","2019","Figura","0","0","240",
"304",,"Dr Tropic rojo",,"Danger Quad","3","MagicBox","2019","Figura","0","0","241",
"305",,"Dr Tropic verde",,"Danger Quad","3","MagicBox","2019","Figura","0","0","242",
"306",,"Battle Butter amarillo",,"Danger Quad","3","MagicBox","2019","Figura","0","0","243",
"307",,"Battle Butter azul",,"Danger Quad","3","MagicBox","2019","Figura","0","0","244",
"308",,"Axel Cut morado",,"Danger Quad","3","MagicBox","2019","Figura","0","0","245",
"309",,"Axel Cut rojo",,"Danger Quad","3","MagicBox","2019","Figura","0","0","246",
"310",,"Breaker azul",,"Danger Quad","3","MagicBox","2019","Figura","0","0","247",
"311",,"Breaker verde",,"Danger Quad","3","MagicBox","2019","Figura","0","0","248",
"312",,"Darkblues Amarillo",,"Danger Quad","3","MagicBox","2019","Figura","0","0","249",
"313",,"darkblues verde",,"Danger Quad","3","MagicBox","2019","Figura","0","0","250",
"314",,"Boomer morado",,"Danger Quad","3","MagicBox","2019","Figura","0","0","251",
"315",,"Boomer verde",,"Danger Quad","3","MagicBox","2019","Figura","0","0","252",
"316",,"Iron Punch Amarillo-Verde",,"Superbot","3","MagicBox","2019","Vehiculos","0","0","R01",
"317",,"Iron Punch Azul-Amarillo",,"Superbot","3","MagicBox","2019","Vehiculos","0","0","R02",
"318",,"Rolling Hammer Azul-Rojo-Azul",,"Superbot","3","MagicBox","2019","Vehiculos","0","0","R03",
"319",,"Amarillo",,"Superbot","3","MagicBox","2019","Vehiculos","0","0","R04",
"320",,"Spider Cannon Rojo-Verde-Morado",,"Superbot","3","MagicBox","2019","Vehiculos","0","0","R05",
"321",,"Spider Cannon Verde-Rojo-Naranja",,"Superbot","3","MagicBox","2019","Vehiculos","0","0","R06",
"322",,"Twister Crack Morado-Naranja-Rojo",,"Superbot","3","MagicBox","2019","Vehiculos","0","0","R07",
"323",,"Twister Crack Naranja-Morado-Amarillo",,"Superbot","3","MagicBox","2019","Vehiculos","0","0","R08",
"324",,"Altavoz Amarillos",,"Kaboom Blaster","3","MagicBox","2019","Addons","0","0",,
"325",,"Altavoz morado",,"Kaboom Blaster","3","MagicBox","2019","Addons","0","0",,
"326",,"Kaboom Blaster. Héroes Rojo-Naranja-Azul",,"Kaboom Blaster","3","MagicBox","2019","Addons","0","0",,
"327",,"Kaboom Blaster. Héroes Sonidos Amarillo-Naranja-Az",,"Kaboom Blaster","3","MagicBox","2019","Addons","0","0",,
"328",,"Kaboom Blaster. Héroes Sonidos Azul-Amarillo-Verde",,"Kaboom Blaster","3","MagicBox","2019","Addons","0","0",,
"329",,"Kaboom Blaster. Villanos Sonidos Morado-Naranja-Ve",,"Kaboom Blaster","3","MagicBox","2019","Addons","0","0",,
"330",,"Kaboom Blaster. Villanos Sonidos Rojo-Morado-Amari",,"Kaboom Blaster","3","MagicBox","2019","Addons","0","0",,
"331",,"Kaboom Blaster. Villanos Sonidos Verde-Claro-Rojo",,"Kaboom Blaster","3","MagicBox","2019","Addons","0","0",,
"332",,"Mezclador Amarillo",,"Kaboom Blaster","3","MagicBox","2019","Addons","0","0",,
"333",,"Mezclador Morado",,"Kaboom Blaster","3","MagicBox","2019","Addons","0","0",,
"334",,"Firefly SL07. Villanos",,"Supersliders","3","MagicBox","2019","Vehiculos","0","0","SL01",
"335",,"Firefly SL08. Villanos",,"Supersliders","3","MagicBox","2019","Vehiculos","0","0","SL02",
"336",,"Meteor 300 SL03. Villanos",,"Supersliders","3","MagicBox","2019","Vehiculos","0","0","SL03",
"337",,"Meteor 300 SL04. Villanos",,"Supersliders","3","MagicBox","2019","Vehiculos","0","0","SL04",
"338",,"Skatejet metalizado. Héroes Azul-Dorado",,"Supersliders","3","MagicBox","2019","Vehiculos","0","0","SL05",
"339",,"Skatejet metalizado. Héroes Dorado-Azul-Naranja",,"Supersliders","3","MagicBox","2019","Vehiculos","0","0","SL06",
"340",,"Skatejet SL05. Héroes",,"Supersliders","3","MagicBox","2019","Vehiculos","0","0","SL07",
"341",,"Skatejet SL06. Héroes",,"Supersliders","3","MagicBox","2019","Vehiculos","0","0","SL08",
"342",,"Speed Demon Metalizado. Villanos. Morado-Naranja-V",,"Supersliders","3","MagicBox","2019","Vehiculos","0","0","SL09",
"343",,"Speed Demon Metalizado. Villanos. Morado-Naranja",,"Supersliders","3","MagicBox","2019","Vehiculos","0","0","SL10",
"344",,"Speed Demon SL11. Villanos",,"Supersliders","3","MagicBox","2019","Vehiculos","0","0","SL11",
"345",,"Speed Demon SL12. Villanos",,"Supersliders","3","MagicBox","2019","Vehiculos","0","0","SL12",
"346",,"Superplane SL01. Héroes",,"Supersliders","3","MagicBox","2019","Vehiculos","0","0","SL13",
"347",,"Superplane SL02. Héroes",,"Supersliders","3","MagicBox","2019","Vehiculos","0","0","SL14",
"348",,"Superslider Dorado. Héroes",,"Supersliders","3","MagicBox","2019","Vehiculos","0","0","SL15",
"349",,"Superslider Dorado. Villanos",,"Supersliders","3","MagicBox","2019","Vehiculos","0","0","SL16",
"350",,"Wing Master SL09. Héroes",,"Supersliders","3","MagicBox","2019","Vehiculos","0","0","SL17",
"351",,"Wing Master SL10. Héroes",,"Supersliders","3","MagicBox","2019","Vehiculos","0","0","SL18",
"352","/uploads/collections/Superthings/KidKazoom(ultrararo)_352.jpg","Kid Kazoom (ultra raro)",,"Ultra Raro","4","MagicBox","2019","Figura","0","0",,
"353",,"Pow Position (super raro)",,"Dorados","4","MagicBox","2019","Figura","0","0","253",
"354",,"Bad Prize (super raro)",,"Dorados","4","MagicBox","2019","Figura","0","0","254",
"355","/uploads/collections/Superthings/Raycer(raro)_355.png","Raycer (raro)",,"Sunrise Bandits","4","MagicBox","2019","Figura","0","1","255",
"356",,"Mad Fryegg Verde",,"Sunrise Bandits","4","MagicBox","2019","Figura","0","0","256",
"357",,"Mad Fryegg Rojo",,"Sunrise Bandits","4","MagicBox","2019","Figura","0","0","257",
"358",,"Kitt Bones Naranja",,"Sunrise Bandits","4","MagicBox","2019","Figura","0","0","258",
"359",,"Kitt Bones Azul",,"Sunrise Bandits","4","MagicBox","2019","Figura","0","0","259",
"360",,"Mag Mistery Morado",,"Sunrise Bandits","4","MagicBox","2019","Figura","0","0","260",
"361",,"Mag Mistery Verde",,"Sunrise Bandits","4","MagicBox","2019","Figura","0","0","261",
"362",,"Sugarblast Rosa",,"Sunrise Bandits","4","MagicBox","2019","Figura","0","0","262",
"363",,"Sugarblast Azul",,"Sunrise Bandits","4","MagicBox","2019","Figura","0","0","263",
"364","/uploads/collections/Superthings/AcidCrybyVerde_364.jpg","Acid Cryby Verde",,"Sunrise Bandits","4","MagicBox","2019","Figura","0","0","264",
"365","/uploads/collections/Superthings/AcidCrybyMorado_365.jpg","Acid Cryby Morado",,"Sunrise Bandits","4","MagicBox","2019","Figura","0","0","265",
"366",,"Count Garlink Amarillo",,"Sunrise Bandits","4","MagicBox","2019","Figura","0","0","266",
"367",,"Count Garlink Morado",,"Sunrise Bandits","4","MagicBox","2019","Figura","0","0","267",
"368",,"Flamespark (raro)",,"Rogue Patrol","4","MagicBox","2019","Figura","0","0","268",
"369",,"Jean Van Chef Morado",,"Rogue Patrol","4","MagicBox","2019","Figura","0","0","269",
"370","/uploads/collections/Superthings/JeanVanChefAmarillo_370.jpg","Jean Van Chef Amarillo",,"Rogue Patrol","4","MagicBox","2019","Figura","0","1","270",
"371",,"Barbecool Verde",,"Rogue Patrol","4","MagicBox","2019","Figura","0","0","271",
"372",,"Barbecool Rojo",,"Rogue Patrol","4","MagicBox","2019","Figura","0","0","272",
"373",,"Shineblock Verde",,"Rogue Patrol","4","MagicBox","2019","Figura","0","0","273",
"374",,"Shineblock Morado",,"Rogue Patrol","4","MagicBox","2019","Figura","0","0","274",
"375",,"Sunstop Amarillo",,"Rogue Patrol","4","MagicBox","2019","Figura","0","0","275",
"376",,"Sunstop Morado",,"Rogue Patrol","4","MagicBox","2019","Figura","0","0","276",
"377",,"Ultra Hydro Rojo",,"Rogue Patrol","4","MagicBox","2019","Figura","0","0","277",
"378",,"Ultra Hydro Azul",,"Rogue Patrol","4","MagicBox","2019","Figura","0","0","278",
"379",,"Top Drop Azul",,"Rogue Patrol","4","MagicBox","2019","Figura","0","0","279",
"380",,"Top Drop Verde",,"Rogue Patrol","4","MagicBox","2019","Figura","0","0","280",
"381",,"Tim Rocket (raro)",,"Black Mountain Squad","4","MagicBox","2019","Figura","0","0","281",
"382",,"Barry Blocker Rojo",,"Black Mountain Squad","4","MagicBox","2019","Figura","0","0","282",
"383",,"Barry Blocker Verde",,"Black Mountain Squad","4","MagicBox","2019","Figura","0","0","283",
"384",,"Wheelzag Morado",,"Black Mountain Squad","4","MagicBox","2019","Figura","0","0","284",
"385",,"Wheelzag Amarillo",,"Black Mountain Squad","4","MagicBox","2019","Figura","0","0","285",
"386",,"Cold Head Azul",,"Black Mountain Squad","4","MagicBox","2019","Figura","0","0","286",
"387",,"Cold Head Roja",,"Black Mountain Squad","4","MagicBox","2019","Figura","0","0","287",
"388",,"Icy Fingers Naranja",,"Black Mountain Squad","4","MagicBox","2019","Figura","0","0","288",
"389",,"Icy Fingers Azul",,"Black Mountain Squad","4","MagicBox","2019","Figura","0","0","289",
"390","/uploads/collections/Superthings/RickRottenVerde_390.jpg","Rick Rotten Verde",,"Black Mountain Squad","4","MagicBox","2019","Figura","0","1","290",
"391",,"Rick Rotten Rojo",,"Black Mountain Squad","4","MagicBox","2019","Figura","0","0","291",
"392",,"Dusty Mist Azul",,"Black Mountain Squad","4","MagicBox","2019","Figura","0","0","292",
"393",,"Dusty Mist Verde",,"Black Mountain Squad","4","MagicBox","2019","Figura","0","0","293",
"394",,"Coldfrido (raro)",,"River Gate Guardians","4","MagicBox","2019","Figura","0","0","294",
"395","/uploads/collections/Superthings/SirKofeelotNaranja_395.jpg","Sir Kofeelot Naranja",,"River Gate Guardians","4","MagicBox","2019","Figura","0","1","295",
"396",,"Sir Kofeelot Azul",,"River Gate Guardians","4","MagicBox","2019","Figura","0","0","296",
"397",,"X-presso Morado",,"River Gate Guardians","4","MagicBox","2019","Figura","0","0","297",
"398",,"X-presso Amarillo",,"River Gate Guardians","4","MagicBox","2019","Figura","0","0","298",
"399",,"Teflontastic Rojo",,"River Gate Guardians","4","MagicBox","2019","Figura","0","0","299",
"400",,"Teflontastic Verde",,"River Gate Guardians","4","MagicBox","2019","Figura","0","0","300",
"401",,"Mega Pressure Azul",,"River Gate Guardians","4","MagicBox","2019","Figura","0","0","301",
"402",,"Mega Pressure Verde",,"River Gate Guardians","4","MagicBox","2019","Figura","0","0","302",
"403",,"Buck Witcher Rosa",,"River Gate Guardians","4","MagicBox","2019","Figura","0","0","303",
"404",,"Buck Witcher Azul",,"River Gate Guardians","4","MagicBox","2019","Figura","0","0","304",
"405",,"Shakespen Azul",,"River Gate Guardians","4","MagicBox","2019","Figura","0","0","305",
"406",,"Shakespen Naranja",,"River Gate Guardians","4","MagicBox","2019","Figura","0","0","306",
"407",,"Nailord (raro)",,"Garage Gang","4","MagicBox","2019","Figura","0","0","307",
"408",,"Pincy Clack Verde",,"Garage Gang","4","MagicBox","2019","Figura","0","0","308",
"409",,"Pincy Clack Azul",,"Garage Gang","4","MagicBox","2019","Figura","0","0","309",
"410",,"Bud Sawler Rosa",,"Garage Gang","4","MagicBox","2019","Figura","0","0","310",
"411",,"Bud Sawler Azul",,"Garage Gang","4","MagicBox","2019","Figura","0","0","311",
"412",,"Gluester Azul",,"Garage Gang","4","MagicBox","2019","Figura","0","0","312",
"413",,"Gluester Verde",,"Garage Gang","4","MagicBox","2019","Figura","0","0","313",
"414",,"Tape That Verde",,"Garage Gang","4","MagicBox","2019","Figura","0","0","314",
"415",,"Tape That Morado",,"Garage Gang","4","MagicBox","2019","Figura","0","0","315",
"416",,"Blaster Bucket Naranja",,"Garage Gang","4","MagicBox","2019","Figura","0","0","316",
"417",,"Blaster Bucket Azul",,"Garage Gang","4","MagicBox","2019","Figura","0","0","317",
"418",,"Scrubz Amarillo",,"Garage Gang","4","MagicBox","2019","Figura","0","0","318",
"419",,"Scrubz Morado",,"Garage Gang","4","MagicBox","2019","Figura","0","0","319",
"420",,"Steely Clack (raro)",,"Rescue League","4","MagicBox","2019","Figura","0","0","320",
"421",,"Multizing Jack Verde",,"Rescue League","4","MagicBox","2019","Figura","0","0","321",
"422",,"Multizing Jack Rojo",,"Rescue League","4","MagicBox","2019","Figura","0","0","322",
"423",,"Mac Tooler Morado",,"Rescue League","4","MagicBox","2019","Figura","0","0","323",
"424",,"Mac Tooler Verde",,"Rescue League","4","MagicBox","2019","Figura","0","0","324",
"425",,"Hooveron Verde",,"Rescue League","4","MagicBox","2019","Figura","0","0","325",
"426",,"Hooveron Morado",,"Rescue League","4","MagicBox","2019","Figura","0","0","326",
"427",,"Dustin Azul",,"Rescue League","4","MagicBox","2019","Figura","0","0","327",
"428",,"Dustin Rosa",,"Rescue League","4","MagicBox","2019","Figura","0","0","328",
"429",,"Helmut Speed Azul",,"Rescue League","4","MagicBox","2019","Figura","0","0","329",
"430",,"Helmut Speed Verde",,"Rescue League","4","MagicBox","2019","Figura","0","0","330",
"431",,"Kone San Naranja",,"Rescue League","4","MagicBox","2019","Figura","0","0","331",
"432",,"Kone San Azul",,"Rescue League","4","MagicBox","2019","Figura","0","0","332",
"433",,"Egg-Cellent ROJO",,"Huevos ChocoBattle","4","MagicBox","2019","Figura","0","0","H1",
"434",,"Egg-Cellent AZUL",,"Huevos ChocoBattle","4","MagicBox","2019","Figura","0","0","H2",
"435",,"Boom-bon VERDE",,"Huevos ChocoBattle","4","MagicBox","2019","Figura","0","0","H3",
"436",,"Boom-bon MARRON",,"Huevos ChocoBattle","4","MagicBox","2019","Figura","0","0","H4",
"437",,"Kid Cocoa ROJO",,"Huevos ChocoBattle","4","MagicBox","2019","Figura","0","0","H5",
"438",,"Kid Cocoa AZUL",,"Huevos ChocoBattle","4","MagicBox","2019","Figura","0","0","H6",
"439",,"Doctor Chocold MARRON",,"Huevos ChocoBattle","4","MagicBox","2019","Figura","0","0","H7",
"440",,"Doctor Chocold VERDE",,"Huevos ChocoBattle","4","MagicBox","2019","Figura","0","0","H8",
"441",,"Chunchy Round VERDE",,"Huevos ChocoBattle","4","MagicBox","2019","Figura","0","0","H9",
"442",,"Chunchy Round MARRON",,"Huevos ChocoBattle","4","MagicBox","2019","Figura","0","0","H10",
"443",,"Captain Milky ROJO",,"Huevos ChocoBattle","4","MagicBox","2019","Figura","0","0","H11",
"444",,"Captain Milky AZUL",,"Huevos ChocoBattle","4","MagicBox","2019","Figura","0","0","H12",
"445",,"Chox Pack cuerpo MARRON",,"Huevos ChocoBattle","4","MagicBox","2019","Figura","0","0","H13",
"446",,"Chox Pack cuerpo VERDE",,"Huevos ChocoBattle","4","MagicBox","2019","Figura","0","0","H14",
"447",,"Cake Crash AZUL",,"Huevos ChocoBattle","4","MagicBox","2019","Figura","0","0","H15",
"448",,"Cake Crash NARANJA",,"Huevos ChocoBattle","4","MagicBox","2019","Figura","0","0","H16",
"449",,"Gold Blasterjet héroe (ultra raro)",,"Blaster Jets","4","MagicBox","2019","Vehiculos","0","0","BJ1",
"450",,"Gold Blasterjet Villano (ultra raro)",,"Blaster Jets","4","MagicBox","2019","Vehiculos","0","0","BJ2",
"451",,"Air Dragon Metal",,"Blaster Jets","4","MagicBox","2019","Vehiculos","0","0","BJ3",
"452",,"Air Dragon Naranja",,"Blaster Jets","4","MagicBox","2019","Vehiculos","0","0","BJ4",
"453",,"Air Dragon Verde",,"Blaster Jets","4","MagicBox","2019","Vehiculos","0","0","BJ5",
"454",,"Compact Blast Metal",,"Blaster Jets","4","MagicBox","2019","Vehiculos","0","0","BJ6",
"455",,"Compact Blast Azul",,"Blaster Jets","4","MagicBox","2019","Vehiculos","0","0","BJ7",
"456",,"Compact Blast Naranja",,"Blaster Jets","4","MagicBox","2019","Vehiculos","0","0","BJ8",
"457",,"Furiously Metal",,"Blaster Jets","4","MagicBox","2019","Vehiculos","0","0","BJ9",
"458",,"Furiously Morado",,"Blaster Jets","4","MagicBox","2019","Vehiculos","0","0","BJ10",
"459",,"Furiously Verde",,"Blaster Jets","4","MagicBox","2019","Vehiculos","0","0","BJ11",
"460",,"Speedwings Metal",,"Blaster Jets","4","MagicBox","2019","Vehiculos","0","0","BJ12",
"461",,"Speedwings Azul",,"Blaster Jets","4","MagicBox","2019","Vehiculos","0","0","BJ13",
"462",,"Speedwings Rojo",,"Blaster Jets","4","MagicBox","2019","Vehiculos","0","0","BJ14",
"463",,"Battle Claw Morado",,"Megajets","4","MagicBox","2019","Vehiculos","0","0","MJ1",
"464",,"Battle Claw Verde",,"Megajets","4","MagicBox","2019","Vehiculos","0","0","MJ2",
"465",,"Blaster Punch Azul",,"Megajets","4","MagicBox","2019","Vehiculos","0","0","MJ3",
"466",,"Blaster Punch Azul Claro",,"Megajets","4","MagicBox","2019","Vehiculos","0","0","MJ4",
"467",,"Rolling Chop Verde",,"Megajets","4","MagicBox","2019","Vehiculos","0","0","MJ5",
"468",,"Rolling Chop Verde Oscuro",,"Megajets","4","MagicBox","2019","Vehiculos","0","0","MJ6",
"469",,"Tornado Spike Azul",,"Megajets","4","MagicBox","2019","Vehiculos","0","0","MJ7",
"470",,"Tornado Spike Rojo",,"Megajets","4","MagicBox","2019","Vehiculos","0","0","MJ8",
"471",,"Interior Morado",,"Blasters (Lanzadores)","4","MagicBox","2019","Addons","0","0",,
"472",,"Interior Rojo",,"Blasters (Lanzadores)","4","MagicBox","2019","Addons","0","0",,
"473",,"Interior Amarillo",,"Blasters (Lanzadores)","4","MagicBox","2019","Addons","0","0",,
"474",,"Interior Azul",,"Blasters (Lanzadores)","4","MagicBox","2019","Addons","0","0",,
"475",,"Wreckler",,"Caja Metalica Especial","4","MagicBox","2019","Figura","0","0",,
"476",,"Crazy Spike",,"Caja Metalica Especial","4","MagicBox","2019","Figura","0","0",,
"477",,"Iron Claw",,"Caja Metalica Especial","4","MagicBox","2019","Figura","0","0",,
"478",,"Hammerfall",,"Caja Metalica Especial","4","MagicBox","2019","Figura","0","0",,
"479",,"Metal Lord",,"Caja Metalica Especial","4","MagicBox","2019","Figura","0","0",,
"480",,"Kid Fury",,"Ultra Raro","5","MagicBox","2020","Figura","0","0",,
"481",,"RocketZing",,"Dorados","5","MagicBox","2020","Figura","0","0","333",
"482",,"Alien Bandit",,"Dorados","5","MagicBox","2020","Figura","0","0","334",
"483",,"Powerheat (Raro",,"Sky Runners","5","MagicBox","2020","Figura","0","0","335",
"484",,"Chai FIghter",,"Sky Runners","5","MagicBox","2020","Figura","0","0","336",
"485",,"Flyin Wheel",,"Sky Runners","5","MagicBox","2020","Figura","0","0","337",
"486",,"Peachy Pack",,"Sky Runners","5","MagicBox","2020","Figura","0","0","338",
"487",,"Sherlook",,"Sky Runners","5","MagicBox","2020","Figura","0","0","339",
"488",,"Frutti Fly",,"Sky Runners","5","MagicBox","2020","Figura","0","0","340",
"489",,"Albertgine",,"Sky Runners","5","MagicBox","2020","Figura","0","0","341",
"490",,"Chai Fighter Azul",,"Sky Runners","5","MagicBox","2020","Figura","0","0","342",
"491",,"Flyin Wheel Morado",,"Sky Runners","5","MagicBox","2020","Figura","0","0","343",
"492",,"Peachy Pack Verde",,"Sky Runners","5","MagicBox","2020","Figura","0","0","344",
"493",,"Sherlook Verde",,"Sky Runners","5","MagicBox","2020","Figura","0","0","345",
"494",,"Frutti Fly Azul",,"Sky Runners","5","MagicBox","2020","Figura","0","0","346",
"495",,"Albertgine Morado Claro",,"Sky Runners","5","MagicBox","2020","Figura","0","0","347",
"496",,"Airblades (Raro)",,"Lightning Raiders","5","MagicBox","2020","Figura","0","0","348",
"497",,"Mad Mix",,"Lightning Raiders","5","MagicBox","2020","Figura","0","0","349",
"498",,"Dark Eight",,"Lightning Raiders","5","MagicBox","2020","Figura","0","0","350",
"499",,"Duckle",,"Lightning Raiders","5","MagicBox","2020","Figura","0","0","351",
"500",,"Shacky",,"Lightning Raiders","5","MagicBox","2020","Figura","0","0","352",
"501",,"Frezzy Foot",,"Lightning Raiders","5","MagicBox","2020","Figura","0","0","353",
"502",,"Boiling Head",,"Lightning Raiders","5","MagicBox","2020","Figura","0","0","354",
"503",,"Mad Mix Azul",,"Lightning Raiders","5","MagicBox","2020","Figura","0","0","355",
"504",,"Dark Eight Rosa",,"Lightning Raiders","5","MagicBox","2020","Figura","0","0","356",
"505",,"Duckle Verde",,"Lightning Raiders","5","MagicBox","2020","Figura","0","0","357",
"506",,"Shacky Amarillo",,"Lightning Raiders","5","MagicBox","2020","Figura","0","0","358",
"507",,"Frezzy Foot Verde",,"Lightning Raiders","5","MagicBox","2020","Figura","0","0","359",
"508",,"Boiling Head Rojo",,"Lightning Raiders","5","MagicBox","2020","Figura","0","0","360",
"509",,"Sky Bishop (Raro)",,"Air Wings","5","MagicBox","2020","Figura","0","0","361",
"510",,"Pooler",,"Air Wings","5","MagicBox","2020","Figura","0","0","362",
"511",,"Sky Billy",,"Air Wings","5","MagicBox","2020","Figura","0","0","363",
"512",,"Tasty Warrior",,"Air Wings","5","MagicBox","2020","Figura","0","0","364",
"513",,"Subzing",,"Air Wings","5","MagicBox","2020","Figura","0","0","365",
"514",,"Bucky Button",,"Air Wings","5","MagicBox","2020","Figura","0","0","366",
"515",,"Fight Foam",,"Air Wings","5","MagicBox","2020","Figura","0","0","367",
"516",,"Pooler Azul",,"Air Wings","5","MagicBox","2020","Figura","0","0","368",
"517",,"Sky Billy Amarillo",,"Air Wings","5","MagicBox","2020","Figura","0","0","369",
"518",,"Tasty Warrior Verde",,"Air Wings","5","MagicBox","2020","Figura","0","0","370",
"519",,"Subzing Gris",,"Air Wings","5","MagicBox","2020","Figura","0","0","371",
"520",,"Bucky Button Rojo",,"Air Wings","5","MagicBox","2020","Figura","0","0","372",
"521",,"Fight Foam Morado",,"Air Wings","5","MagicBox","2020","Figura","0","0","373",
"522",,"Top Tower (Raro)",,"Black Comets","5","MagicBox","2020","Figura","0","0","374",
"523",,"Bad Jammy",,"Black Comets","5","MagicBox","2020","Figura","0","0","375",
"524",,"Coconutty",,"Black Comets","5","MagicBox","2020","Figura","0","0","376",
"525",,"Pepper Panic",,"Black Comets","5","MagicBox","2020","Figura","0","0","377",
"526",,"Jolly Roger",,"Black Comets","5","MagicBox","2020","Figura","0","0","378",
"527",,"Heavy Iron",,"Black Comets","5","MagicBox","2020","Figura","0","0","379",
"528",,"Wicked Eyes",,"Black Comets","5","MagicBox","2020","Figura","0","0","380",
"529",,"Bad Jammy Azul",,"Black Comets","5","MagicBox","2020","Figura","0","0","381",
"530",,"Coconutty Verde",,"Black Comets","5","MagicBox","2020","Figura","0","0","382",
"531",,"Pepper Panic Azul",,"Black Comets","5","MagicBox","2020","Figura","0","0","383",
"532",,"Jolly Roger Morado",,"Black Comets","5","MagicBox","2020","Figura","0","0","384",
"533",,"Heavy Iron Verde",,"Black Comets","5","MagicBox","2020","Figura","0","0","385",
"534",,"Wicked Eyes Rosa",,"Black Comets","5","MagicBox","2020","Figura","0","0","386",
"535",,"Komput (Raro)",,"Flying Surfers","5","MagicBox","2020","Figura","0","0","387",
"536",,"Action Noodle Amarillo",,"Flying Surfers","5","MagicBox","2020","Figura","0","0","388",
"537",,"Action Noodle Azul",,"Flying Surfers","5","MagicBox","2020","Figura","0","0","389",
"538",,"Attaco Naranja",,"Flying Surfers","5","MagicBox","2020","Figura","0","0","390",
"539",,"Attaco Morado",,"Flying Surfers","5","MagicBox","2020","Figura","0","0","391",
"540",,"Tropic Thunder Naranja",,"Flying Surfers","5","MagicBox","2020","Figura","0","0","392",
"541",,"Tropic Thunder Verde",,"Flying Surfers","5","MagicBox","2020","Figura","0","0","393",
"542","/uploads/collections/Superthings/AceHighVerde_542.png","Ace High Verde",,"Flying Surfers","5","MagicBox","2020","Figura","0","0","394",
"543","/uploads/collections/Superthings/AceHighAzul_543.jpg","Ace High Azul",,"Flying Surfers","5","MagicBox","2020","Figura","0","0","395",
"544",,"Slap Rojo",,"Flying Surfers","5","MagicBox","2020","Figura","0","0","396",
"545",,"Slap Azul",,"Flying Surfers","5","MagicBox","2020","Figura","0","0","397",
"546",,"Water Nose Morado",,"Flying Surfers","5","MagicBox","2020","Figura","0","0","398",
"547",,"Water Nose Rosa",,"Flying Surfers","5","MagicBox","2020","Figura","0","0","399",
"548",,"Bad Data (Raro)",,"Rocket Gang","5","MagicBox","2020","Figura","0","0","400",
"549",,"Rain Head Azul",,"Rocket Gang","5","MagicBox","2020","Figura","0","0","401",
"550",,"Rain Head Amarillo",,"Rocket Gang","5","MagicBox","2020","Figura","0","0","402",
"551",,"Zip Fingers Amarillo",,"Rocket Gang","5","MagicBox","2020","Figura","0","0","403",
"552",,"Zip Fingers Morado",,"Rocket Gang","5","MagicBox","2020","Figura","0","0","404",
"553",,"Negagiri Naranja",,"Rocket Gang","5","MagicBox","2020","Figura","0","0","405",
"554",,"Negagiri Verde",,"Rocket Gang","5","MagicBox","2020","Figura","0","0","406",
"555",,"Ocean Weight Azul",,"Rocket Gang","5","MagicBox","2020","Figura","0","0","407",
"556",,"Ocean Weight Amarillo",,"Rocket Gang","5","MagicBox","2020","Figura","0","0","408",
"557",,"Chilli Shock Rojo",,"Rocket Gang","5","MagicBox","2020","Figura","0","0","409",
"558",,"Chilli Shock Azul",,"Rocket Gang","5","MagicBox","2020","Figura","0","0","410",
"559",,"Iron Jaws Morado",,"Rocket Gang","5","MagicBox","2020","Figura","0","0","411",
"560",,"Iron Jaws Rosa",,"Rocket Gang","5","MagicBox","2020","Figura","0","0","412",
"561",,"Turbo Kicker (rojo)",,"Skyracers","5","MagicBox","2020","Vehiculos","0","0","Sk1",
"562",,"Turbo Kicker (azul)",,"Skyracers","5","MagicBox","2020","Vehiculos","0","0","Sk2",
"563",,"Mighty Cannon (amarillo)",,"Skyracers","5","MagicBox","2020","Vehiculos","0","0","Sk3",
"564",,"Mighty Cannon (azul)",,"Skyracers","5","MagicBox","2020","Vehiculos","0","0","Sk4",
"565",,"Rusty Blades (azul)",,"Skyracers","5","MagicBox","2020","Vehiculos","0","0","Sk5",
"566",,"Rusty Blades (rojo)",,"Skyracers","5","MagicBox","2020","Vehiculos","0","0","Sk6",
"567",,"Hungry Hunter (verde)",,"Skyracers","5","MagicBox","2020","Vehiculos","0","0","Sk7",
"568",,"Hungry Hunter (morado)",,"Skyracers","5","MagicBox","2020","Vehiculos","0","0","Sk8",
"569",,"HWings Wagon (amarillo)",,"Aerowagons","5","MagicBox","2020","Vehiculos","0","0","Ae1",
"570",,"HWings Wagon (azul)",,"Aerowagons","5","MagicBox","2020","Vehiculos","0","0","Ae2",
"571",,"VWings Wagon (verde)",,"Aerowagons","5","MagicBox","2020","Vehiculos","0","0","Ae3",
"572",,"VWings Wagon (morado)",,"Aerowagons","5","MagicBox","2020","Vehiculos","0","0","Ae4",
"573",,"Alex Wagon (rojo)",,"Aerowagons","5","MagicBox","2020","Vehiculos","0","0","Ae5",
"574",,"Alex Wagon (azul)",,"Aerowagons","5","MagicBox","2020","Vehiculos","0","0","Ae6",
"575",,"VDT Wagon (morado)",,"Aerowagons","5","MagicBox","2020","Vehiculos","0","0","Ae7",
"576",,"VDT Wagon (naranja)",,"Aerowagons","5","MagicBox","2020","Vehiculos","0","0","Ae8",
"577",,"Oculus Max (Ultrararo)",,"Ultra Raro","6 Secret Spies","MagicBox","2020","Figura","0","0",,
"578",,"Hardlock",,"Dorados","6 Secret Spies","MagicBox","2020","Figura","0","0","413",
"579",,"Lord Torch",,"Dorados","6 Secret Spies","MagicBox","2020","Figura","0","0","414",
"580",,"Dr. Frostikus",,"Trickster Troop","6 Secret Spies","MagicBox","2020","Figura","0","0","415",
"581",,"Rocky Forte Amarillo",,"Trickster Troop","6 Secret Spies","MagicBox","2020","Figura","0","0","416",
"582",,"Rocky Forte Morado",,"Trickster Troop","6 Secret Spies","MagicBox","2020","Figura","0","0","417",
"583",,"Wicked Line Rosa",,"Trickster Troop","6 Secret Spies","MagicBox","2020","Figura","0","0","418",
"584",,"Wicked Line Verde",,"Trickster Troop","6 Secret Spies","MagicBox","2020","Figura","0","0","419",
"585",,"Evil Rocks Marrón",,"Trickster Troop","6 Secret Spies","MagicBox","2020","Figura","0","0","420",
"586",,"Evil Rocks Verde",,"Trickster Troop","6 Secret Spies","MagicBox","2020","Figura","0","0","421",
"587",,"Tomaterror Verde",,"Trickster Troop","6 Secret Spies","MagicBox","2020","Figura","0","0","422",
"588",,"Tomaterror Azul",,"Trickster Troop","6 Secret Spies","MagicBox","2020","Figura","0","0","423",
"589",,"Hard Brick",,"Flashy Faction","6 Secret Spies","MagicBox","2020","Figura","0","0","424",
"590",,"Fuji Hammer Naranja",,"Flashy Faction","6 Secret Spies","MagicBox","2020","Figura","0","0","425",
"591",,"Fuji Hammer Amarillo",,"Flashy Faction","6 Secret Spies","MagicBox","2020","Figura","0","0","426",
"592",,"Powerchalk Morado",,"Flashy Faction","6 Secret Spies","MagicBox","2020","Figura","0","0","427",
"593",,"Powerchalk Amarillo",,"Flashy Faction","6 Secret Spies","MagicBox","2020","Figura","0","0","428",
"594",,"Bubble Top Rosa",,"Flashy Faction","6 Secret Spies","MagicBox","2020","Figura","0","0","429",
"595",,"Bubble Top Verde",,"Flashy Faction","6 Secret Spies","MagicBox","2020","Figura","0","0","430",
"596",,"Johnny Steel Verde",,"Flashy Faction","6 Secret Spies","MagicBox","2020","Figura","0","0","431",
"597",,"Johnny Steel Morado",,"Flashy Faction","6 Secret Spies","MagicBox","2020","Figura","0","0","432",
"598",,"Sir Nister",,"Dark Division","6 Secret Spies","MagicBox","2020","Figura","0","0","433",
"599",,"Battlehorse Verde",,"Dark Division","6 Secret Spies","MagicBox","2020","Figura","0","0","434",
"600",,"Battlehorse Rojo",,"Dark Division","6 Secret Spies","MagicBox","2020","Figura","0","0","435",
"601",,"Pearonius Verde",,"Dark Division","6 Secret Spies","MagicBox","2020","Figura","0","0","436",
"602",,"Pearonius Rosa",,"Dark Division","6 Secret Spies","MagicBox","2020","Figura","0","0","437",
"603",,"Doc Detritus Morado",,"Dark Division","6 Secret Spies","MagicBox","2020","Figura","0","0","438",
"604",,"Doc Detritus Naranja",,"Dark Division","6 Secret Spies","MagicBox","2020","Figura","0","0","439",
"605",,"Bad Quack Amarillo",,"Dark Division","6 Secret Spies","MagicBox","2020","Figura","0","0","440",
"606",,"Bad Quack Morado",,"Dark Division","6 Secret Spies","MagicBox","2020","Figura","0","0","441",
"607",,"Snow Rider",,"Action Squad","6 Secret Spies","MagicBox","2020","Figura","0","0","442",
"608",,"Cherry Combo Rojo",,"Action Squad","6 Secret Spies","MagicBox","2020","Figura","0","0","443",
"609",,"Cherry Combo Amarillo",,"Action Squad","6 Secret Spies","MagicBox","2020","Figura","0","0","444",
"610",,"X-Paghetti Amarillo",,"Action Squad","6 Secret Spies","MagicBox","2020","Figura","0","0","445",
"611",,"X-Paghetti Morado",,"Action Squad","6 Secret Spies","MagicBox","2020","Figura","0","0","446",
"612",,"Slingstrike Naranja",,"Action Squad","6 Secret Spies","MagicBox","2020","Figura","0","0","447",
"613",,"Slingstrike Morado",,"Action Squad","6 Secret Spies","MagicBox","2020","Figura","0","0","448",
"614",,"Powtato Marrón",,"Action Squad","6 Secret Spies","MagicBox","2020","Figura","0","0","449",
"615",,"Powtato Azul",,"Action Squad","6 Secret Spies","MagicBox","2020","Figura","0","0","450",
"616",,"Cementus",,"Downtown Bandits","6 Secret Spies","MagicBox","2020","Figura","0","0","451",
"617",,"Chip Cheater Rojo",,"Downtown Bandits","6 Secret Spies","MagicBox","2020","Figura","0","0","452",
"618",,"Chip Cheater Amarillo",,"Downtown Bandits","6 Secret Spies","MagicBox","2020","Figura","0","0","453",
"619",,"Chewchow Morado",,"Downtown Bandits","6 Secret Spies","MagicBox","2020","Figura","0","0","454",
"620",,"Chewchow Marrón",,"Downtown Bandits","6 Secret Spies","MagicBox","2020","Figura","0","0","455",
"621",,"Megachomp Marrón",,"Downtown Bandits","6 Secret Spies","MagicBox","2020","Figura","0","0","456",
"622",,"Megachomp Azul",,"Downtown Bandits","6 Secret Spies","MagicBox","2020","Figura","0","0","457",
"623",,"Filthy Fighter Verde",,"Downtown Bandits","6 Secret Spies","MagicBox","2020","Figura","0","0","458",
"624",,"Filthy Fighter Morado",,"Downtown Bandits","6 Secret Spies","MagicBox","2020","Figura","0","0","459",
"625","/uploads/collections/Superthings/AceCalibur_625.jpg","Ace Calibur",,"Protectors Pack","6 Secret Spies","MagicBox","2020","Figura","0","0","460",
"626",,"Recycler Verde",,"Protectors Pack","6 Secret Spies","MagicBox","2020","Figura","0","0","461",
"627",,"Recycler Rosa",,"Protectors Pack","6 Secret Spies","MagicBox","2020","Figura","0","0","462",
"628",,"Smiley Spike Azul",,"Protectors Pack","6 Secret Spies","MagicBox","2020","Figura","0","0","463",
"629",,"Smiley Spike Marrón",,"Protectors Pack","6 Secret Spies","MagicBox","2020","Figura","0","0","464",
"630",,"Bath Force Azul",,"Protectors Pack","6 Secret Spies","MagicBox","2020","Figura","0","0","465",
"631",,"Bath Force Verde",,"Protectors Pack","6 Secret Spies","MagicBox","2020","Figura","0","0","466",
"632",,"Slideway Morado",,"Protectors Pack","6 Secret Spies","MagicBox","2020","Figura","0","0","467",
"633",,"Slideway Naranja",,"Protectors Pack","6 Secret Spies","MagicBox","2020","Figura","0","0","468",
"634",,"Whisper Morado",,"Spies","6 Secret Spies","MagicBox","2020","Figura","0","0","S01",
"635",,"Whisper Amarillo",,"Spies","6 Secret Spies","MagicBox","2020","Figura","0","0","S02",
"636",,"Spybulb Rojo",,"Spies","6 Secret Spies","MagicBox","2020","Figura","0","0","S03",
"637",,"Spybulb Amarillo",,"Spies","6 Secret Spies","MagicBox","2020","Figura","0","0","S04",
"638",,"Agent Headdy Amarillo",,"Spies","6 Secret Spies","MagicBox","2020","Figura","0","0","S05",
"639",,"Agent Headdy Rojo",,"Spies","6 Secret Spies","MagicBox","2020","Figura","0","0","S06",
"640",,"X-385 II Morado",,"Spies","6 Secret Spies","MagicBox","2020","Figura","0","0","S07",
"641",,"X-385 II Amarillo",,"Spies","6 Secret Spies","MagicBox","2020","Figura","0","0","S08",
"642",,"Walkie Hush Verde",,"Spies","6 Secret Spies","MagicBox","2020","Figura","0","0","S09",
"643",,"Walkie Hush Rosa",,"Spies","6 Secret Spies","MagicBox","2020","Figura","0","0","S10",
"644",,"Secret Waves Rosa",,"Spies","6 Secret Spies","MagicBox","2020","Figura","0","0","S11",
"645",,"Secret Waves Verde",,"Spies","6 Secret Spies","MagicBox","2020","Figura","0","0","S12",
"646",,"Snitchcase Marrón",,"Spies","6 Secret Spies","MagicBox","2020","Figura","0","0","S13",
"647",,"Snitchcase Azul",,"Spies","6 Secret Spies","MagicBox","2020","Figura","0","0","S14",
"648",,"Nightcoat Naranja",,"Spies","6 Secret Spies","MagicBox","2020","Figura","0","0","S15",
"649",,"Nightcoat Morado",,"Spies","6 Secret Spies","MagicBox","2020","Figura","0","0","S16",
"650",,"Keytective Verde",,"Spies","6 Secret Spies","MagicBox","2020","Figura","0","0","S17",
"651",,"Keytective Morado",,"Spies","6 Secret Spies","MagicBox","2020","Figura","0","0","S18",
"652",,"Talkie Hush Morado",,"Spies","6 Secret Spies","MagicBox","2020","Figura","0","0","S19",
"653",,"Talkie Hush Verde",,"Spies","6 Secret Spies","MagicBox","2020","Figura","0","0","S20",
"654",,"Hidden Eyes Verde",,"Spies","6 Secret Spies","MagicBox","2020","Figura","0","0","S21",
"655",,"Hidden Eyes Naranja",,"Spies","6 Secret Spies","MagicBox","2020","Figura","0","0","S22",
"656",,"Locke Looker Azul",,"Spies","6 Secret Spies","MagicBox","2020","Figura","0","0","S23",
"657",,"Locke Looker Marrón",,"Spies","6 Secret Spies","MagicBox","2020","Figura","0","0","S24",
"658",,"SpeedJumper (frente amarillo rojo)",,"Spyjets","6 Secret Spies","MagicBox","2020","Vehiculos","0","0","Sj1",
"659",,"SpeedJumper (frente azul)",,"Spyjets","6 Secret Spies","MagicBox","2020","Vehiculos","0","0","Sj2",
"660",,"SkyHunter (frente naranja)",,"Spyjets","6 Secret Spies","MagicBox","2020","Vehiculos","0","0","Sj3",
"661",,"SkyHunter (frente azul)",,"Spyjets","6 Secret Spies","MagicBox","2020","Vehiculos","0","0","Sj4",
"662",,"BiteBoat (frente morado)",,"Spyjets","6 Secret Spies","MagicBox","2020","Vehiculos","0","0","Sj5",
"663",,"BiteBoat (frente verde)",,"Spyjets","6 Secret Spies","MagicBox","2020","Vehiculos","0","0","Sj6",
"664",,"MonsterBike (frente naranja)",,"Spyjets","6 Secret Spies","MagicBox","2020","Vehiculos","0","0","Sj7",
"665",,"MonsterBike (frente azul)",,"Spyjets","6 Secret Spies","MagicBox","2020","Vehiculos","0","0","Sj8",
"666",,"Doctor Volt",,"Ultra Raro","7 Power Machines","MagicBox","2021","Figura","0","0",,
"667",,"Helix High",,"Dorados","7 Power Machines","MagicBox","2021","Figura","0","0","469",
"668",,"Big Claw",,"Dorados","7 Power Machines","MagicBox","2021","Figura","0","0","470",
"669","/uploads/collections/Superthings/MechFixer_669.jpg","Mech Fixer",,"Tech Masters","7 Power Machines","MagicBox","2021","Figura","0","1","471",
"670",,"Brock Cool Verde",,"Tech Masters","7 Power Machines","MagicBox","2021","Figura","0","0","472",
"671",,"Brock Cool berenjena",,"Tech Masters","7 Power Machines","MagicBox","2021","Figura","0","0","473",
"672",,"Team-Shirt Amarillo",,"Tech Masters","7 Power Machines","MagicBox","2021","Figura","0","0","474",
"673",,"Team-Shirt Verde",,"Tech Masters","7 Power Machines","MagicBox","2021","Figura","0","0","475",
"674",,"Sparkly Groundz Rojo",,"Tech Masters","7 Power Machines","MagicBox","2021","Figura","0","0","476",
"675",,"Sparkly Groundz Morado",,"Tech Masters","7 Power Machines","MagicBox","2021","Figura","0","0","477",
"676",,"Captain Salty Verde",,"Tech Masters","7 Power Machines","MagicBox","2021","Figura","0","0","478",
"677",,"Captain Salty Morado",,"Tech Masters","7 Power Machines","MagicBox","2021","Figura","0","0","479",
"678",,"Flashguette Naranja",,"Tech Masters","7 Power Machines","MagicBox","2021","Figura","0","0","480",
"679",,"Flashguette Azul",,"Tech Masters","7 Power Machines","MagicBox","2021","Figura","0","0","481",
"680","/uploads/collections/Superthings/LuckyOGreenVerde_680.jpg","Lucky OGreen Verde",,"Tech Masters","7 Power Machines","MagicBox","2021","Figura","0","1","482",
"681",,"Lucky OGreen Amarillo",,"Tech Masters","7 Power Machines","MagicBox","2021","Figura","0","0","483",
"682","/uploads/collections/Superthings/Circuitor_682.jpg","Circuitor",,"Electric Squad","7 Power Machines","MagicBox","2021","Figura","0","1","484",
"683",,"Slash Verde",,"Electric Squad","7 Power Machines","MagicBox","2021","Figura","0","0","485",
"684",,"Slash Amarillo",,"Electric Squad","7 Power Machines","MagicBox","2021","Figura","0","0","486",
"685",,"Toxfung Morado",,"Electric Squad","7 Power Machines","MagicBox","2021","Figura","0","0","487",
"686","/uploads/collections/Superthings/ToxfungRojo_686.jpg","Toxfung Rojo",,"Electric Squad","7 Power Machines","MagicBox","2021","Figura","0.8","1","488",
"687",,"Turboscooter Verde",,"Electric Squad","7 Power Machines","MagicBox","2021","Figura","0","0","489",
"688",,"Turboscooter Morado",,"Electric Squad","7 Power Machines","MagicBox","2021","Figura","0","0","490",
"689",,"Star Glass Rosa",,"Electric Squad","7 Power Machines","MagicBox","2021","Figura","0","0","491",
"690",,"Star Glass Verde",,"Electric Squad","7 Power Machines","MagicBox","2021","Figura","0","0","492",
"691",,"Powstick Naranja",,"Electric Squad","7 Power Machines","MagicBox","2021","Figura","0","0","493",
"692",,"Powstick Azul",,"Electric Squad","7 Power Machines","MagicBox","2021","Figura","0","0","494",
"693",,"Metal Teeth Rojo",,"Electric Squad","7 Power Machines","MagicBox","2021","Figura","0","0","495",
"694",,"Metal Teeth Morado",,"Electric Squad","7 Power Machines","MagicBox","2021","Figura","0","0","496",
"695",,"Solid Gear",,"Cyber Fighters","7 Power Machines","MagicBox","2021","Figura","0","0","497",
"696",,"Airspin Amarillo",,"Cyber Fighters","7 Power Machines","MagicBox","2021","Figura","0","0","498",
"697",,"Airspin Verde",,"Cyber Fighters","7 Power Machines","MagicBox","2021","Figura","0","0","499",
"698",,"Pierce Right Azul",,"Cyber Fighters","7 Power Machines","MagicBox","2021","Figura","0","0","500",
"699",,"Pierce Right Marrón",,"Cyber Fighters","7 Power Machines","MagicBox","2021","Figura","0","0","501",
"700",,"Kronotikus Morado",,"Cyber Fighters","7 Power Machines","MagicBox","2021","Figura","0","0","502",
"701",,"Kronotikus Rojo",,"Cyber Fighters","7 Power Machines","MagicBox","2021","Figura","0","0","503",
"702",,"Pancrash Marrón",,"Cyber Fighters","7 Power Machines","MagicBox","2021","Figura","0","0","504",
"703",,"Pancrash Morado",,"Cyber Fighters","7 Power Machines","MagicBox","2021","Figura","0","0","505",
"704",,"Scratch Rosa",,"Cyber Fighters","7 Power Machines","MagicBox","2021","Figura","0","0","506",
"705",,"Scratch Verde",,"Cyber Fighters","7 Power Machines","MagicBox","2021","Figura","0","0","507",
"706",,"Paper Pack Verde",,"Cyber Fighters","7 Power Machines","MagicBox","2021","Figura","0","0","508",
"707",,"Paper Pack Morado",,"Cyber Fighters","7 Power Machines","MagicBox","2021","Figura","0","0","509",
"708",,"Screwikz",,"Wicked Circuits","7 Power Machines","MagicBox","2021","Figura","0","0","510",
"709",,"Dark Spicy berenjena",,"Wicked Circuits","7 Power Machines","MagicBox","2021","Figura","0","0","511",
"710",,"Dark Spicy Verde",,"Wicked Circuits","7 Power Machines","MagicBox","2021","Figura","0","0","512",
"711",,"Snowstorm Azul",,"Wicked Circuits","7 Power Machines","MagicBox","2021","Figura","0","0","513",
"712",,"Snowstorm Naranja",,"Wicked Circuits","7 Power Machines","MagicBox","2021","Figura","0","0","514",
"713",,"Bad Sport Verde",,"Wicked Circuits","7 Power Machines","MagicBox","2021","Figura","0","0","515",
"714",,"Bad Sport berenjena",,"Wicked Circuits","7 Power Machines","MagicBox","2021","Figura","0","0","516",
"715",,"Wacky Dust Marrón",,"Wicked Circuits","7 Power Machines","MagicBox","2021","Figura","0","0","517",
"716",,"Wacky Dust Azul",,"Wicked Circuits","7 Power Machines","MagicBox","2021","Figura","0","0","518",
"717",,"Caulipower Amarillo",,"Wicked Circuits","7 Power Machines","MagicBox","2021","Figura","0","0","519",
"718",,"Caulipower Verde",,"Wicked Circuits","7 Power Machines","MagicBox","2021","Figura","0","0","520",
"719",,"Bad Fortune Verde",,"Wicked Circuits","7 Power Machines","MagicBox","2021","Figura","0","0","521",
"720",,"Bad Fortune Morado",,"Wicked Circuits","7 Power Machines","MagicBox","2021","Figura","0","0","522",
"721",,"Energetik",,"Energy Brigade","7 Power Machines","MagicBox","2021","Figura","0","0","523",
"722",,"Slalom Head Azul",,"Energy Brigade","7 Power Machines","MagicBox","2021","Figura","0","0","524",
"723",,"Slalom Head Marrón",,"Energy Brigade","7 Power Machines","MagicBox","2021","Figura","0","0","525",
"724",,"Adventure Hawkins Rosa",,"Energy Brigade","7 Power Machines","MagicBox","2021","Figura","0","0","526",
"725",,"Adventure Hawkins Verde",,"Energy Brigade","7 Power Machines","MagicBox","2021","Figura","0","0","527",
"726",,"Twin Wheel Rojo",,"Energy Brigade","7 Power Machines","MagicBox","2021","Figura","0","0","528",
"727",,"Twin Wheel Morado",,"Energy Brigade","7 Power Machines","MagicBox","2021","Figura","0","0","529",
"728",,"Maximus Globe Azul",,"Energy Brigade","7 Power Machines","MagicBox","2021","Figura","0","0","530",
"729",,"Maximus Globe Amarillo",,"Energy Brigade","7 Power Machines","MagicBox","2021","Figura","0","0","531",
"730",,"Candy Cracky Marrón",,"Energy Brigade","7 Power Machines","MagicBox","2021","Figura","0","0","532",
"731",,"Candy Cracky Azul",,"Energy Brigade","7 Power Machines","MagicBox","2021","Figura","0","0","533",
"732",,"Mushrulz Cabeza morada",,"Energy Brigade","7 Power Machines","MagicBox","2021","Figura","0","0","534",
"733",,"Mushrulz Cabeza verde",,"Energy Brigade","7 Power Machines","MagicBox","2021","Figura","0","0","535",
"734",,"Electricker",,"Mechanic Warriors","7 Power Machines","MagicBox","2021","Figura","0","0","536",
"735",,"Power Gopher Marrón",,"Mechanic Warriors","7 Power Machines","MagicBox","2021","Figura","0","0","537",
"736",,"Power Gopher Azul",,"Mechanic Warriors","7 Power Machines","MagicBox","2021","Figura","0","0","538",
"737",,"Sandmax Azul",,"Mechanic Warriors","7 Power Machines","MagicBox","2021","Figura","0","0","539",
"738","/uploads/collections/Superthings/SandmaxNaranja_738.jpg","Sandmax Naranja",,"Mechanic Warriors","7 Power Machines","MagicBox","2021","Figura","0","1","540",
"739",,"Puzz Left Amarillo",,"Mechanic Warriors","7 Power Machines","MagicBox","2021","Figura","0","0","541",
"740",,"Puzz Left Verde",,"Mechanic Warriors","7 Power Machines","MagicBox","2021","Figura","0","0","542",
"741",,"Goldbox Marrón",,"Mechanic Warriors","7 Power Machines","MagicBox","2021","Figura","0","0","543",
"742",,"Goldbox Azul",,"Mechanic Warriors","7 Power Machines","MagicBox","2021","Figura","0","0","544",
"743",,"Scarylous Cuerpo morado",,"Mechanic Warriors","7 Power Machines","MagicBox","2021","Figura","0","0","545",
"744",,"Scarylous Cuerpo verde",,"Mechanic Warriors","7 Power Machines","MagicBox","2021","Figura","0","0","546",
"745",,"Boomerangry Rojo",,"Mechanic Warriors","7 Power Machines","MagicBox","2021","Figura","0","0","547",
"746",,"Boomerangry Morado",,"Mechanic Warriors","7 Power Machines","MagicBox","2021","Figura","0","0","548",
"747","/uploads/collections/Superthings/NeonBlast_747.jpg","Neon Blast",,"Ultra Raro","8 Kazoom Kids","MagicBox","2021","Figura","0","1",,
"748","/uploads/collections/Superthings/JazzFlash_748.png","Jazz Flash",,"Dorados","8 Kazoom Kids","MagicBox","2021","Figura","0","1","549",
"749",,"Heavy Riff",,"Dorados","8 Kazoom Kids","MagicBox","2021","Figura","0","0","550",
"750","/uploads/collections/Superthings/Badnilla_750.png","Badnilla",,"Cream Team","8 Kazoom Kids","MagicBox","2021","Figura","0","0","K01",
"751","/uploads/collections/Superthings/MadConeAmarillo_751.jpg","Mad Cone Amarillo",,"Cream Team","8 Kazoom Kids","MagicBox","2021","Figura","0","1","551",
"752",,"Mad Cone Azul",,"Cream Team","8 Kazoom Kids","MagicBox","2021","Figura","0","1","552",
"753","/uploads/collections/Superthings/TrickChocVerde_753.jpg","Trick Choc Verde",,"Cream Team","8 Kazoom Kids","MagicBox","2021","Figura","0.8","1","553",
"754",,"Trick Choc Rojo",,"Cream Team","8 Kazoom Kids","MagicBox","2021","Figura","0","0","554",
"755",,"Freezlord Morado",,"Cream Team","8 Kazoom Kids","MagicBox","2021","Figura","0","0","555",
"756","/uploads/collections/Superthings/FreezlordVerde_756.jpg","Freezlord Verde",,"Cream Team","8 Kazoom Kids","MagicBox","2021","Figura","0","1","556",
"757",,"Super Slice (Pizza)",,"Super Pack","8 Kazoom Kids","MagicBox","2021","Figura","0","0","K02",
"758",,"Slicey Rojo",,"Super Pack","8 Kazoom Kids","MagicBox","2021","Figura","0","0","557",
"759",,"Slicey Verde",,"Super Pack","8 Kazoom Kids","MagicBox","2021","Figura","0","0","558",
"760","/uploads/collections/Superthings/CheestarAmarillo_760.jpg","Cheestar Amarillo",,"Super Pack","8 Kazoom Kids","MagicBox","2021","Figura","0","1","559",
"761",,"Cheestar Azul",,"Super Pack","8 Kazoom Kids","MagicBox","2021","Figura","0","0","560",
"762",,"Firesplack Morado",,"Super Pack","8 Kazoom Kids","MagicBox","2021","Figura","0","0","561",
"763",,"Firesplack Verde",,"Super Pack","8 Kazoom Kids","MagicBox","2021","Figura","0","0","562",
"764",,"Starberry",,"Fresh Force","8 Kazoom Kids","MagicBox","2021","Figura","0","0","K03",
"765",,"Strong Barry Rojo",,"Fresh Force","8 Kazoom Kids","MagicBox","2021","Figura","0","0","563",
"766",,"Strong Barry Verde",,"Fresh Force","8 Kazoom Kids","MagicBox","2021","Figura","0","0","564",
"767",,"Freshpop Azul",,"Fresh Force","8 Kazoom Kids","MagicBox","2021","Figura","0","0","565",
"768",,"Freshpop Amarillo",,"Fresh Force","8 Kazoom Kids","MagicBox","2021","Figura","0","0","566",
"769",,"Bubbles Morado",,"Fresh Force","8 Kazoom Kids","MagicBox","2021","Figura","0","0","567",
"770",,"Bubbles Verde",,"Fresh Force","8 Kazoom Kids","MagicBox","2021","Figura","0","0","568",
"771","/uploads/collections/Superthings/Trasher(Basura)_771.png","Trasher (Basura)",,"Splash Trash","8 Kazoom Kids","MagicBox","2021","Figura","0","1","K04",
"772","/uploads/collections/Superthings/JackRottenAmarillo_772.jpg","Jack Rotten Amarillo",,"Splash Trash","8 Kazoom Kids","MagicBox","2021","Figura","0","1","569",
"773",,"Jack Rotten Azul",,"Splash Trash","8 Kazoom Kids","MagicBox","2021","Figura","0","0","570",
"774","/uploads/collections/Superthings/FredFetidVerde_774.png","Fred Fetid Verde",,"Splash Trash","8 Kazoom Kids","MagicBox","2021","Figura","0","1","571",
"775",,"Fred Fetid Rojo",,"Splash Trash","8 Kazoom Kids","MagicBox","2021","Figura","0","0","572",
"776","/uploads/collections/Superthings/StinkySpineMorado_776.png","Stinky Spine Morado",,"Splash Trash","8 Kazoom Kids","MagicBox","2021","Figura","0","1","573",
"777",,"Stinky Spine Verde",,"Splash Trash","8 Kazoom Kids","MagicBox","2021","Figura","0","0","574",
"778",,"Smash Crash",,"Bad Party","8 Kazoom Kids","MagicBox","2021","Figura","0","0","K05",
"779",,"Surpristik Morado",,"Bad Party","8 Kazoom Kids","MagicBox","2021","Figura","0","0","575",
"780","/uploads/collections/Superthings/SurpristikVerde_780.jpg","Surpristik Verde",,"Bad Party","8 Kazoom Kids","MagicBox","2021","Figura","0","1","576",
"781",,"Box Trouble Azul",,"Bad Party","8 Kazoom Kids","MagicBox","2021","Figura","0","0","577",
"782",,"Box Trouble Amarillo",,"Bad Party","8 Kazoom Kids","MagicBox","2021","Figura","0","1","578",
"783",,"Cream Scream Rojo",,"Bad Party","8 Kazoom Kids","MagicBox","2021","Figura","0","0","579",
"784",,"Cream Scream Verde",,"Bad Party","8 Kazoom Kids","MagicBox","2021","Figura","0","0","580",
"785","/uploads/collections/Superthings/Sugarfun(Caramelo)_785.png","Sugarfun (Caramelo)",,"Candy Combo","8 Kazoom Kids","MagicBox","2021","Figura","0","1","K06",
"786","/uploads/collections/Superthings/HappyWrapperAmarillo_786.png","Happy Wrapper Amarillo",,"Candy Combo","8 Kazoom Kids","MagicBox","2021","Figura","0","1","581",
"787",,"Happy Wrapper Azul",,"Candy Combo","8 Kazoom Kids","MagicBox","2021","Figura","0","0","582",
"788","/uploads/collections/Superthings/LollipowMorado_788.jpg","Lollipow Morado",,"Candy Combo","8 Kazoom Kids","MagicBox","2021","Figura","0","1","583",
"789",,"Lollipow Verde",,"Candy Combo","8 Kazoom Kids","MagicBox","2021","Figura","0","0","584",
"790",,"Sweet Stick Rojo",,"Candy Combo","8 Kazoom Kids","MagicBox","2021","Figura","0","0","585",
"791","/uploads/collections/Superthings/SweetStickVerde_791.png","Sweet Stick Verde",,"Candy Combo","8 Kazoom Kids","MagicBox","2021","Figura","0","1","586",
"792","/uploads/collections/Superthings/Steelface(Capitán)_792.png","Steel face (Capitán)",,"Fearsome Fighters","8 Kazoom Kids","MagicBox","2021","Figura","0","1","587",
"793",,"Citrikus Naranja",,"Fearsome Fighters","8 Kazoom Kids","MagicBox","2021","Figura","0","0","588",
"794",,"Citrikus Azul",,"Fearsome Fighters","8 Kazoom Kids","MagicBox","2021","Figura","0","0","589",
"795",,"Mad Nap Azul",,"Fearsome Fighters","8 Kazoom Kids","MagicBox","2021","Figura","0","0","590",
"796",,"Mad Nap Morado",,"Fearsome Fighters","8 Kazoom Kids","MagicBox","2021","Figura","0","0","591",
"797",,"Bad Flakes Morado",,"Fearsome Fighters","8 Kazoom Kids","MagicBox","2021","Figura","0","0","592",
"798",,"Bad Flakes Azul",,"Fearsome Fighters","8 Kazoom Kids","MagicBox","2021","Figura","0","0","593",
"799","/uploads/collections/Superthings/NailedIT(Capitán)_799.jpg","Nailed IT (Capitán)",,"Shiny League","8 Kazoom Kids","MagicBox","2021","Figura","0","1","594",
"800","/uploads/collections/Superthings/JuicyJustinAmarillo_800.png","Juicy Justin Amarillo",,"Shiny League","8 Kazoom Kids","MagicBox","2021","Figura","0","1","595",
"801",,"Juicy Justin Rosa",,"Shiny League","8 Kazoom Kids","MagicBox","2021","Figura","0","0","596",
"802","/uploads/collections/Superthings/WakeyWakeyRosa_802.png","Wakey Wakey Rosa",,"Shiny League","8 Kazoom Kids","MagicBox","2021","Figura","0","1","597","25/3/2022"
"803",,"Wakey Wakey Amarillo",,"Shiny League","8 Kazoom Kids","MagicBox","2021","Figura","0","0","598",
"804",,"Captain Moo Azul",,"Shiny League","8 Kazoom Kids","MagicBox","2021","Figura","0","0","599",
"805",,"Captain Moo Naranja",,"Shiny League","8 Kazoom Kids","MagicBox","2021","Figura","0","0","600",
"806",,"Enjoystick (Capitán)",,"Hard Gamers","8 Kazoom Kids","MagicBox","2021","Figura","0","0","601",
"807",,"Butter Horn Marrón",,"Hard Gamers","8 Kazoom Kids","MagicBox","2021","Figura","0","0","602",
"808",,"Butter Horn Azul",,"Hard Gamers","8 Kazoom Kids","MagicBox","2021","Figura","0","0","603",
"809",,"Thundertoast Morado",,"Hard Gamers","8 Kazoom Kids","MagicBox","2021","Figura","0","0","604",
"810",,"Thundertoast Azul",,"Hard Gamers","8 Kazoom Kids","MagicBox","2021","Figura","0","0","605",
"811",,"Brush Flash Azul",,"Hard Gamers","8 Kazoom Kids","MagicBox","2021","Figura","0","0","606",
"812",,"Brush Flash Morado",,"Hard Gamers","8 Kazoom Kids","MagicBox","2021","Figura","0","0","607",
"813","/uploads/collections/Superthings/Dr.Screen(Capitán)_813.jpg","Dr. Screen (Capitán)",,"Top Bandits","8 Kazoom Kids","MagicBox","2021","Figura","0","1","608",
"814",,"Don Glazed Morado",,"Top Bandits","8 Kazoom Kids","MagicBox","2021","Figura","0","0","609",
"815","/uploads/collections/Superthings/DonGlazedAmarillo_815.jpg","Don Glazed Amarillo",,"Top Bandits","8 Kazoom Kids","MagicBox","2021","Figura","0","1","610","25/3/2022"
"816","/uploads/collections/Superthings/BreadheadNaranja_816.png","Breadhead Naranja",,"Top Bandits","8 Kazoom Kids","MagicBox","2021","Figura","0","1","611",
"817",,"Breadhead Azul",,"Top Bandits","8 Kazoom Kids","MagicBox","2021","Figura","0","0","612",
"818","/uploads/collections/Superthings/BadSmileAzul_818.jpg","Bad Smile Azul",,"Top Bandits","8 Kazoom Kids","MagicBox","2021","Figura","0","1","613",
"819",,"Bad Smile Naranja",,"Top Bandits","8 Kazoom Kids","MagicBox","2021","Figura","0","0","614",
"820",,"Strike Shield (Capitán)",,"Sharp Squad","8 Kazoom Kids","MagicBox","2021","Figura","0","0","615",
"821",,"Sketchy Amarillo",,"Sharp Squad","8 Kazoom Kids","MagicBox","2021","Figura","0","0","616",
"822","/uploads/collections/Superthings/SketchyRosa_822.jpg","Sketchy Rosa",,"Sharp Squad","8 Kazoom Kids","MagicBox","2021","Figura","0","1","617",
"823",,"Double Shack Azul",,"Sharp Squad","8 Kazoom Kids","MagicBox","2021","Figura","0","0","618",
"824",,"Double Shack Morado",,"Sharp Squad","8 Kazoom Kids","MagicBox","2021","Figura","0","0","619",
"825",,"Mustery Rosa",,"Sharp Squad","8 Kazoom Kids","MagicBox","2021","Figura","0","0","620",
"826",,"Mustery Amarillo",,"Sharp Squad","8 Kazoom Kids","MagicBox","2021","Figura","0","0","621",
"827",,"Rollball (Capitán)",,"Strike Troop","8 Kazoom Kids","MagicBox","2021","Figura","0","0","622",
"828",,"Power Pages Azul",,"Strike Troop","8 Kazoom Kids","MagicBox","2021","Figura","0","0","623",
"829","/uploads/collections/Superthings/PowerPagesMorado_829.jpg","Power Pages Morado",,"Strike Troop","8 Kazoom Kids","MagicBox","2021","Figura","0","1","624",
"830",,"Sticky Flow Amarillo",,"Strike Troop","8 Kazoom Kids","MagicBox","2021","Figura","0","0","625",
"831",,"Sticky Flow Rosa",,"Strike Troop","8 Kazoom Kids","MagicBox","2021","Figura","0","0","626",
"832",,"Hard Dog Marrón",,"Strike Troop","8 Kazoom Kids","MagicBox","2021","Figura","0","0","627",
"833",,"Hard Dog Morado",,"Strike Troop","8 Kazoom Kids","MagicBox","2021","Figura","0","0","628",
"834",,"Kazoom Blast",,"Ultra Raro","9 Guardians of Kazoom","MagicBox","2022","Figura","0","0",,
"835","/uploads/collections/Superthings/RoyalJustice_835.png","Royal Justice",,"Dorados","9 Guardians of Kazoom","MagicBox","2022","Figura","0","1","629",
"836",,"Gladius Gold",,"Dorados","9 Guardians of Kazoom","MagicBox","2022","Figura","0","0","630",
"837",,"Turbogoal azul crystal",,"Soccer Squad","9 Guardians of Kazoom","MagicBox","2022","Figura","0","0","631",
"838",,"Turbogoal rojo crystal",,"Soccer Squad","9 Guardians of Kazoom","MagicBox","2022","Figura","0","0","632",
"839",,"Kaboot rosa",,"Soccer Squad","9 Guardians of Kazoom","MagicBox","2022","Figura","0","0","633",
"840",,"Kaboot azul",,"Soccer Squad","9 Guardians of Kazoom","MagicBox","2022","Figura","0","0","634",
"841",,"Superfan rojo",,"Soccer Squad","9 Guardians of Kazoom","MagicBox","2022","Figura","0","0","635",
"842",,"Superfan amarillo ",,"Soccer Squad","9 Guardians of Kazoom","MagicBox","2022","Figura","0","0","636",
"843",,"Kickstar ",,"Soccer Squad","9 Guardians of Kazoom","MagicBox","2022","Figura","0","0","K.07",
"844",,"Pow Head rojo crystal",,"Boxing Brawlers","9 Guardians of Kazoom","MagicBox","2022","Figura","0","0","637",
"845","/uploads/collections/Superthings/PowHeadazulcrystal_845.jpg","Pow Head azul crystal",,"Boxing Brawlers","9 Guardians of Kazoom","MagicBox","2022","Figura","0","1","638",
"846",,"Punchingface morado ",,"Boxing Brawlers","9 Guardians of Kazoom","MagicBox","2022","Figura","0","0","639",
"847",,"Punchingface naranja ",,"Boxing Brawlers","9 Guardians of Kazoom","MagicBox","2022","Figura","0","0","640",
"848",,"Tricktourious verde ",,"Boxing Brawlers","9 Guardians of Kazoom","MagicBox","2022","Figura","0","0","641",
"849",,"Tricktourious morado ",,"Boxing Brawlers","9 Guardians of Kazoom","MagicBox","2022","Figura","0","0","642",
"850",,"Power punch ",,"Boxing Brawlers","9 Guardians of Kazoom","MagicBox","2022","Figura","0","0","K.08",
"851","/uploads/collections/Superthings/Donnymarróncrystal_851.png","Donny marrón crystal",,"Breakfast Baddies","9 Guardians of Kazoom","MagicBox","2022","Figura","0","1","643",
"852",,"Donny verde crystal",,"Breakfast Baddies","9 Guardians of Kazoom","MagicBox","2022","Figura","0","0","644",
"853",,"Madffin morado ",,"Breakfast Baddies","9 Guardians of Kazoom","MagicBox","2022","Figura","0","0","645",
"854",,"Madffin marrón ",,"Breakfast Baddies","9 Guardians of Kazoom","MagicBox","2022","Figura","0","0","646",
"855",,"Paincake amarillo ",,"Breakfast Baddies","9 Guardians of Kazoom","MagicBox","2022","Figura","0","0","647",
"856",,"Paincake rojo",,"Breakfast Baddies","9 Guardians of Kazoom","MagicBox","2022","Figura","0","0","648",
"857",,"Glazer ",,"Breakfast Baddies","9 Guardians of Kazoom","MagicBox","2022","Figura","0","0","K.09",
"858",,"Fightburger marrón crystal",,"Tasty Tactics","9 Guardians of Kazoom","MagicBox","2022","Figura","0","0","649",
"859","/uploads/collections/Superthings/Fightburgerverdecrystal_859.png","Fightburger verde crystal",,"Tasty Tactics","9 Guardians of Kazoom","MagicBox","2022","Figura","0","1","650",
"860","/uploads/collections/Superthings/Friestarrosa_860.png","Friestar rosa",,"Tasty Tactics","9 Guardians of Kazoom","MagicBox","2022","Figura","0","0","651",
"861",,"Friestar azul",,"Tasty Tactics","9 Guardians of Kazoom","MagicBox","2022","Figura","0","0","652",
"862",,"Kickchup rojo ",,"Tasty Tactics","9 Guardians of Kazoom","MagicBox","2022","Figura","0","0","653",
"863",,"Kickchup amarillo ",,"Tasty Tactics","9 Guardians of Kazoom","MagicBox","2022","Figura","0","0","654",
"864",,"Burgerblast ",,"Tasty Tactics","9 Guardians of Kazoom","MagicBox","2022","Figura","0","0","K.10",
"865",,"Stringy rojo crystal",,"Sound Masters","9 Guardians of Kazoom","MagicBox","2022","Figura","0","0","655",
"866",,"Stringy azul crystal",,"Sound Masters","9 Guardians of Kazoom","MagicBox","2022","Figura","0","0","656",
"867",,"Powerboard naranja ",,"Sound Masters","9 Guardians of Kazoom","MagicBox","2022","Figura","0","0","657",
"868",,"Powerboard morado ",,"Sound Masters","9 Guardians of Kazoom","MagicBox","2022","Figura","0","0","658",
"869",,"Shouter max naranja ",,"Sound Masters","9 Guardians of Kazoom","MagicBox","2022","Figura","0","0","659",
"870",,"Shouter max morado ",,"Sound Masters","9 Guardians of Kazoom","MagicBox","2022","Figura","0","0","660",
"871",,"Guitarrific ",,"Sound Masters","9 Guardians of Kazoom","MagicBox","2022","Figura","0","0","K.11",
"872",,"Command X verde crystal",,"Game Breakers","9 Guardians of Kazoom","MagicBox","2022","Figura","0","0","661",
"873",,"Command X naranja crystal",,"Game Breakers","9 Guardians of Kazoom","MagicBox","2022","Figura","0","0","662",
"874",,"Negabyte morado ",,"Game Breakers","9 Guardians of Kazoom","MagicBox","2022","Figura","0","0","663",
"875",,"Negabyte naranja ",,"Game Breakers","9 Guardians of Kazoom","MagicBox","2022","Figura","0","0","664",
"876","/uploads/collections/Superthings/E-gamerrosa_876.png","E-gamer rosa",,"Game Breakers","9 Guardians of Kazoom","MagicBox","2022","Figura","0","1","665",
"877","/uploads/collections/Superthings/E-gamerazul_877.png","E-gamer azul",,"Game Breakers","9 Guardians of Kazoom","MagicBox","2022","Figura","0","1","666",
"878",,"Gameglitch ",,"Game Breakers","9 Guardians of Kazoom","MagicBox","2022","Figura","0","0","K.12",
"879",,"Captain Block",,"Metallic Crew","9 Guardians of Kazoom","MagicBox","2022","Figura","0","0","667",
"880","/uploads/collections/Superthings/Starscrewazul_880.png","Starscrew azul",,"Metallic Crew","9 Guardians of Kazoom","MagicBox","2022","Figura","0.8","1","668",
"881","/uploads/collections/Superthings/Starscrewrosa _881.png","Starscrew rosa ",,"Metallic Crew","9 Guardians of Kazoom","MagicBox","2022","Figura","0","1","669",
"882",,"X-Dry naranja",,"Metallic Crew","9 Guardians of Kazoom","MagicBox","2022","Figura","0","0","670",
"883",,"X-Dry morado ",,"Metallic Crew","9 Guardians of Kazoom","MagicBox","2022","Figura","0","0","671",
"884",,"Color Jam verde crystal",,"Metallic Crew","9 Guardians of Kazoom","MagicBox","2022","Figura","0","0","672",
"885",,"Color Jam amarillo crystal",,"Metallic Crew","9 Guardians of Kazoom","MagicBox","2022","Figura","0","0","673",
"886",,"Trafficmaster",,"Revolt Gang","9 Guardians of Kazoom","MagicBox","2022","Figura","0","0","674",
"887","/uploads/collections/Superthings/Twistedverde_887.png","Twisted verde",,"Revolt Gang","9 Guardians of Kazoom","MagicBox","2022","Figura","0","1","675",
"888",,"Twisted morado ",,"Revolt Gang","9 Guardians of Kazoom","MagicBox","2022","Figura","0","0","676",
"889","/uploads/collections/Superthings/FatalFanmorado _889.png","Fatal Fan morado ",,"Revolt Gang","9 Guardians of Kazoom","MagicBox","2022","Figura","0","1","677",
"890",,"Fatal Fan verde ",,"Revolt Gang","9 Guardians of Kazoom","MagicBox","2022","Figura","0","0","678",
"891","/uploads/collections/Superthings/Paintfulrojocrystal_891.png","Paintful rojo crystal",,"Revolt Gang","9 Guardians of Kazoom","MagicBox","2022","Figura","0.8","1","679",
"892",,"Paintful azul crystal",,"Revolt Gang","9 Guardians of Kazoom","MagicBox","2022","Figura","0","0","680",
"893",,"Spinnik",,"Messy Staff","9 Guardians of Kazoom","MagicBox","2022","Figura","0","0","681",
"894",,"Nasty Knave verde crystal",,"Messy Staff","9 Guardians of Kazoom","MagicBox","2022","Figura","0","0","682",
"895",,"Nasty Knave amarillo crystal",,"Messy Staff","9 Guardians of Kazoom","MagicBox","2022","Figura","0","0","683",
"896","/uploads/collections/Superthings/LordShakeousazul _896.jpg","Lord Shakeous azul ",,"Messy Staff","9 Guardians of Kazoom","MagicBox","2022","Figura","0","1","684",
"897",,"Lord Shakeous rosa ",,"Messy Staff","9 Guardians of Kazoom","MagicBox","2022","Figura","0","0","685",
"898",,"Open case amarillo ",,"Messy Staff","9 Guardians of Kazoom","MagicBox","2022","Figura","0","0","686",
"899",,"Open case rojo ",,"Messy Staff","9 Guardians of Kazoom","MagicBox","2022","Figura","0","0","687",
"900",,"Rolling Star",,"Lucky Faction","9 Guardians of Kazoom","MagicBox","2022","Figura","0","0","688",
"901",,"Lucky Dots azul crystal",,"Lucky Faction","9 Guardians of Kazoom","MagicBox","2022","Figura","0","0","689",
"902",,"Lucky Dots rojo crystal",,"Lucky Faction","9 Guardians of Kazoom","MagicBox","2022","Figura","0","1","690",
"903",,"Shelldon amarillo ",,"Lucky Faction","9 Guardians of Kazoom","MagicBox","2022","Figura","0","0","691",
"904",,"Shelldon rojo",,"Lucky Faction","9 Guardians of Kazoom","MagicBox","2022","Figura","0","0","692",
"905",,"Biggy Bag verde ",,"Lucky Faction","9 Guardians of Kazoom","MagicBox","2022","Figura","0","0","693",
"906",,"Biggy Bag morado ",,"Lucky Faction","9 Guardians of Kazoom","MagicBox","2022","Figura","0","0","694",
"907",,"Sailor Silver",,"Navy Lightning","9 Guardians of Kazoom","MagicBox","2022","Figura","0","0","695",
"908",,"Superhelp naranja crystal",,"Navy Lightning","9 Guardians of Kazoom","MagicBox","2022","Figura","0","0","696",
"909","/uploads/collections/Superthings/Superhelpverdecrystal_909.png","Superhelp verde crystal",,"Navy Lightning","9 Guardians of Kazoom","MagicBox","2022","Figura","0","1","697",
"910","/uploads/collections/Superthings/Grapplemorado _910.jpg","Grapple morado ",,"Navy Lightning","9 Guardians of Kazoom","MagicBox","2022","Figura","0","1","698",
"911",,"Grapple naranja ",,"Navy Lightning","9 Guardians of Kazoom","MagicBox","2022","Figura","0","0","699",
"912","/uploads/collections/Superthings/TriplePeaverde _912.jpg","Triple Pea verde ",,"Navy Lightning","9 Guardians of Kazoom","MagicBox","2022","Figura","0","1","700",
"913",,"Triple Pea morado ",,"Navy Lightning","9 Guardians of Kazoom","MagicBox","2022","Figura","0","0","701",
"914",,"Spikeshell",,"Unbreakable Unit","9 Guardians of Kazoom","MagicBox","2022","Figura","0","0","702",
"915",,"Steel Pirate azul crystal",,"Unbreakable Unit","9 Guardians of Kazoom","MagicBox","2022","Figura","0","0","703",
"916",,"Steel Pirate rojo crystal",,"Unbreakable Unit","9 Guardians of Kazoom","MagicBox","2022","Figura","0","0","704",
"917",,"Cutleaf rojo",,"Unbreakable Unit","9 Guardians of Kazoom","MagicBox","2022","Figura","0","0","705",
"918",,"Cutleaf amarillo ",,"Unbreakable Unit","9 Guardians of Kazoom","MagicBox","2022","Figura","0","0","706",
"919",,"Big Boil rosa",,"Unbreakable Unit","9 Guardians of Kazoom","MagicBox","2022","Figura","0","0","707",
"920",,"Big Boil azul",,"Unbreakable Unit","9 Guardians of Kazoom","MagicBox","2022","Figura","0","0","708",
"921",,"Circle Cutter Sierra morada",,"Kazoom Jets","9 Guardians of Kazoom","MagicBox","2022","Vehiculos","0","0","KJ1",
"922",,"Circle Cutter Sierra verde",,"Kazoom Jets","9 Guardians of Kazoom","MagicBox","2022","Vehiculos","0","0","KJ2",
"923",,"Comet Kicker Pala azul",,"Kazoom Jets","9 Guardians of Kazoom","MagicBox","2022","Vehiculos","0","0","KJ3",
"924",,"Comet kicker Pala naranja",,"Kazoom Jets","9 Guardians of Kazoom","MagicBox","2022","Vehiculos","0","0","KJ4",
"925",,"Electric Tornado Rayos amarillos",,"Kazoom Jets","9 Guardians of Kazoom","MagicBox","2022","Vehiculos","0","0","KJ5",
"926",,"Electric Tornado Rayos rojos",,"Kazoom Jets","9 Guardians of Kazoom","MagicBox","2022","Vehiculos","0","0","KJ6",
"927",,"Hungry Hammer martillo naranja",,"Kazoom Jets","9 Guardians of Kazoom","MagicBox","2022","Vehiculos","0","0","KJ7",
"928",,"Hungry Hammer martillo verde",,"Kazoom Jets","9 Guardians of Kazoom","MagicBox","2022","Vehiculos","0","0","KJ8",
"929",,"Hyper drill Taladrador amarillo",,"Kazoom Jets","9 Guardians of Kazoom","MagicBox","2022","Vehiculos","0","0","KJ9",
"930",,"Hyper drill Taladrador verde",,"Kazoom Jets","9 Guardians of Kazoom","MagicBox","2022","Vehiculos","0","1","KJ10",
"931",,"Panic puncher Puños morados",,"Kazoom Jets","9 Guardians of Kazoom","MagicBox","2022","Vehiculos","0","0","KJ11",
"932",,"Panic puncher Puños rojos",,"Kazoom Jets","9 Guardians of Kazoom","MagicBox","2022","Vehiculos","0","0","KJ12",
"933","/uploads/collections/Superthings/MetalThunder(AzulyNaranja)_933.jpg","Metal Thunder (Azul y Naranja)",,"7 Power Machines","Powerbots","Magic Box","2021","Vehiculo","0","1","PW03",
"934","/uploads/collections/Superthings/FireyWings_934.jpg","Firey Wings",,"7 Power Machines","Powerjets","Magic Box","2021","Vehiculo","1","1","PW2",
"935","/uploads/collections/Superthings/MotorPuncher_935.png","Motor Puncher",,"7 Power Machines","Powerjets","Magic Box","2021","Vehiculo","0","0","PW02",
"936","/uploads/collections/Superthings/ShinobiSaw_936.png","Shinobi Saw",,"7 Power Machines","Powerjets","Magic Box","2021","Vehiculo","0","0","PW03",
"937","/uploads/collections/Superthings/SparkDrill_937.png","Spark Drill",,"7 Power Machines","Powerjets","Magic Box","2021","Vehiculo","0","0","PW04",
"938","/uploads/collections/Superthings/SteelBoxer_938.jpg","Steel Boxer",,"7 Power Machines","Powerbots","Magic Box","2021","Vehiculo","0","0","PW01",
"939","/uploads/collections/Superthings/IronNinja_939.jpg","Iron Ninja",,"7 Power Machines","Powerbots","Magic Box","2021","Vehiculo","0","1","PW02",
"940","/uploads/collections/Superthings/CyberFlame_940.png","Cyber Flame",,"7 Power Machines","Powerbots","Magic Box","2021","Vehiculo","0","0","PW04",
"941","Sorry, your file was not uploaded.","Trash Clash Morado",,"Kazoom Sliders","8 Kazoom Sliders","Magic Box","2021","Vehiculo","0","1",,
"942","/uploads/collections/Superthings/SuperbotKazoomPower_942.jpg","Superbot Kazoom Power",,"Superbot","9 Guardians of Kazoom","MagicBox","2022","Pack","0","1",,"Kid Kazoom, Kazoom Power, Superbot y Super Hammer"
"943","/uploads/collections/Superthings/SuperbotFuryStorm_943.jpg","Superbot Fury Storm",,"Superbot","9 Guardians of Kazoom","MagicBox","2022","Pack","0","1",,"Kid Fury, Fury Storm, Superbot y Super Smash Ball"
"944","/uploads/collections/Superthings/EstaciondePolicia_944.jpg","Estacion de Policia",,"Super Pack","2","MagicBox","2018","Pack","0","1",,"Comisaria, Captain Justice y ChuckChain"
"945","/uploads/collections/Superthings/Acewing_945.png","Acewing",,"Super Pack","8 Kazoom Kids","MagicBox","2021","Figura","0","1",,"Es en color azul"
"946","/uploads/collections/Superthings/AstroTurbo_946.png","Astro Turbo",,"Super Pack","8 Kazoom Kids","MagicBox","2021","Figura","0","1",,
"947","/uploads/collections/Superthings/TrainingTower_947.jpg","Training Tower",,"Super Pack","8 Kazoom Kids","MagicBox","2021","Set","27","1",,
"948","/uploads/collections/Superthings/PunchKing_948.png","Punch King",,"Battle Arena","8 Kazoom Kids","MagicBox","2021","Figura","0","1",,"Set Battle Arena"
"949","/uploads/collections/Superthings/Ultimask_949.jpg","Ultimask",,"Battle Arena","8 Kazoom Kids","MagicBox","2021","Figura","0","1",,"Set Battle Arena"
"950","/uploads/collections/Superthings/BattleArena_950.jpeg","Battle Arena",,"Battle Arena","8 Kazoom Kids","MagicBox","2021","Set","0","1",,"Set Battle Arena"
"951","/uploads/collections/Superthings/CuartelGeneral_951.jpg","Cuartel General",,"0","Super Pack","Magic Box","2020","Pack","9","1",,"Viene con Mr. King, Megavoice y Emergenius"
"952","/uploads/collections/Superthings/TorredeEntrenamiento_952.webp","Torre de Entrenamiento",,"8 Kazoom Kids","Super Pack","Magic Box","2021","Pack","20","1",,"Viene con Astro Turbo Kazoom Kid y AceWing"
"953","/uploads/collections/Superthings/MelonLord(Verde)_953.png","Melon Lord (Verde)",,"Trouble Team","11 Rescue Force","MagicBox","2022","Figura","0.9","1","769",
